page	quote	numbers	type	source_named	status
admixture_aware_relatedness	Pending update (2026-10-02): The ancestry distances on this page use the deprecated Step 11 global K=5 run (3,595-sample panel, older 1000G reference).	2026;10;02;11;5;3,595;1000	conclusion	NONE	unchecked
admixture_aware_relatedness	Robustness check: the pairwise ancestry distances among 1,021 Uzbek samples from the old K=5 run and from the NYGC-reference K=5 run correlate at r = 0.988, so the kinship conclusions are expected to be unchanged; the page text and figures themselves	1,021;5;5;0.988	conclusion	NONE	unchecked
admixture_aware_relatedness	Cross-method assessment of PI_HAT, KING, Step 11 ADMIXTURE distances, PC-AiR/PC-Relate, and RelateAdmix for the merged ALSU + GWAS2026 Uzbek GSA datasets.	11	conclusion	KING; ADMIXTURE; PC-Relate	unchecked
admixture_aware_relatedness	4,494PI_HAT-only discordant pairs	4,494	conclusion	NONE	unchecked
admixture_aware_relatedness	5PI_HAT-only pairs supported by PC-Relate	5	conclusion	PC-Relate	unchecked
admixture_aware_relatedness	1PI_HAT-only pair supported by RelateAdmix	1	conclusion	NONE	unchecked
admixture_aware_relatedness	1,021samples mapped by birthplace (expanded cohort; 992 in the superseded Spring run)	1,021;992	conclusion	NONE	unchecked
admixture_aware_relatedness	Current (expanded cohort, August 2026).	2026	conclusion	NONE	unchecked
admixture_aware_relatedness	Mean global K=5 ADMIXTURE proportions by participant birthplace region, rebuilt from	5	conclusion	ADMIXTURE	unchecked
admixture_aware_relatedness	step11_admixture/global_for_admixture_expanded.5.Q (3,804 rows;	3,804	conclusion	step11_admixture/global_for_admixture_expanded.5.Q	unchecked
admixture_aware_relatedness	1,021 of the 1,256 Uzbek participants carry an Uzbekistan birthplace code and map to all	1,021;1,256	conclusion	NONE	unchecked
admixture_aware_relatedness	14 first-level regions; 199 have no survey record and 36 were born outside Uzbekistan.	14;199;36	conclusion	NONE	unchecked
admixture_aware_relatedness	1000 Genomes reference samples in the same run (EUR 0.962, EAS 0.996, SAS 0.892, AFR 0.955	1000;0.962;0.996;0.892;0.955	conclusion	NONE	unchecked
admixture_aware_relatedness	Per-region values: data/alsu_uzbekistan_k5_birthplace_summary_expanded.tsv.	NONE	path	data/alsu_uzbekistan_k5_birthplace_summary_expanded.tsv	unchecked
admixture_aware_relatedness	Previous version (Spring 2026 run, UZB n = 1,047) — kept for reference	2026;1,047	count	NONE	unchecked
admixture_aware_relatedness	Built from the Spring 2026 global run	2026	conclusion	NONE	unchecked
admixture_aware_relatedness	(.fam/.5.Q = 3,595 rows;	3,595	conclusion	fam/.5.Q	unchecked
admixture_aware_relatedness	UZB n = 1,047), mapping 992 participants.	1,047;992	count	NONE	unchecked
admixture_aware_relatedness	both; the counts differ because the expanded cohort adds the 48-sample rescan and the two	48	conclusion	NONE	unchecked
admixture_aware_relatedness	2026 genotyping batches, and because the 45 unmapped 1000 Genomes samples that the earlier	2026;45;1000	conclusion	NONE	unchecked
admixture_aware_relatedness	Per-region values: data/alsu_uzbekistan_k5_birthplace_summary.tsv.	NONE	path	data/alsu_uzbekistan_k5_birthplace_summary.tsv	unchecked
admixture_aware_relatedness	The working question was whether recent-relatedness estimates in the Uzbek GSA data are affected by the strong admixture structure of the population represented by two datasets: ALSU and the new GWAS2026 array set.	NONE	conclusion	admixture	unchecked
admixture_aware_relatedness	Instead, it measures discordance among KING, PLINK PI_HAT, PCA distance, and Step 11 ADMIXTURE K=5 ancestry distances, then validates the discordant calls with PC-AiR/PC-Relate and RelateAdmix.	11;5	conclusion	KING; PLINK; ADMIXTURE; PC-Relate	unchecked
admixture_aware_relatedness	It uses the fraction of the genome sharing 0, 1, or 2 alleles identical by descent (Z0, Z1, Z2) calculated from observed genotype patterns.	0,;1,;2	conclusion	NONE	unchecked
admixture_aware_relatedness	PI_HAT = 0.5×Z1 + Z2, giving 1.0 for monozygotic twins or duplicate samples, 0.5 for parent-offspring or full siblings, and 0.25 for half-siblings.	0.5;1.0;0.5;0.25	conclusion	NONE	unchecked
admixture_aware_relatedness	In practice, a tiered approach is recommended: use KING to flag duplicates and very close relatives (kinship > 0.354), then apply PC-Relate or RelateAdmix for remaining samples to infer distant relatedness in structured populations.	0.354	conclusion	KING; PC-Relate	unchecked
admixture_aware_relatedness	Local file: steps/step11.html	NONE	conclusion	steps/step11.html	unchecked
admixture_aware_relatedness	Published page reviewed by the user: https://toki-bio.github.io/ALSU-analysis/steps/step11.html	NONE	conclusion	toki-bio.github.io/ALSU-analysis/steps/step11.html	unchecked
admixture_aware_relatedness	Relevant embedded Step 11 display data:	11	conclusion	NONE	unchecked
admixture_aware_relatedness	UZB sample count in displayed K summaries: 1,047.	1,047.	conclusion	NONE	unchecked
admixture_aware_relatedness	K=5 display labels: E.Asian, African, Americas, S.Asian, European.	5	conclusion	NONE	unchecked
admixture_aware_relatedness	UZB K=5 display vector: 0.2884, 0.0026, 0.0290, 0.1916, 0.4884.	5;0.2884;0.0026;0.0290;0.1916;0.4884	conclusion	NONE	unchecked
admixture_aware_relatedness	Interpretation in the page: K=5 is the most parsimonious model;	5	conclusion	NONE	unchecked
admixture_aware_relatedness	Uzbeks show approximately 48.8% European / West Eurasian, 28.8% East Asian, 19.2% South Asian, and 2.9% AMR-like ancestry.	48.8%;28.8%;19.2%;2.9%	statistic	NONE	unchecked
admixture_aware_relatedness	K=8 is described as the nominal CV minimum, but only marginally better than K=7 and less interpretable.	8;7	conclusion	NONE	unchecked
admixture_aware_relatedness	DRAGEN Step 11 / ADMIXTURE source files	11	conclusion	DRAGEN Step 11 / ADMIXTURE source files	unchecked
admixture_aware_relatedness	/staging/ALSU-analysis/spring2026/admixture/global_for_admixture.fam	NONE	path	/staging/ALSU-analysis/spring2026/admixture/global_for_admixture.fam	unchecked
admixture_aware_relatedness	/staging/ALSU-analysis/spring2026/admixture/global_for_admixture.5.Q	NONE	path	/staging/ALSU-analysis/spring2026/admixture/global_for_admixture.5.Q	unchecked
admixture_aware_relatedness	/staging/ALSU-analysis/Fst_analysis/1000G_data/integrated_call_samples_v3.20130502.ALL.panel	1000	statistic	/staging/ALSU-analysis/Fst_analysis/1000G_data/integrated_call_samples_v3.20130502.ALL.panel	unchecked
admixture_aware_relatedness	The Spring 2026 ADMIXTURE files were checked directly.	2026	conclusion	ADMIXTURE	unchecked
admixture_aware_relatedness	The .fam and .5.Q files have 3,595 rows.	3,595	conclusion	5.Q	unchecked
admixture_aware_relatedness	The cross-cohort ALSU sample map contains 1,098 ALSU samples; 1,020 matched the Spring 2026 ADMIXTURE .fam exactly, and 1,022 matched after unique normalized ID matching.	1,098;1,020;2026;1,022	conclusion	ADMIXTURE	unchecked
admixture_aware_relatedness	ALSU plus GWAS2026 relatedness dataset	NONE	conclusion	NONE	unchecked
admixture_aware_relatedness	/staging/ALSU-analysis/admixture_analysis/temp/dragen_array_test_20260513/cross_gwas2026_alsu_winter	NONE	path	/staging/ALSU-analysis/admixture_analysis/temp/dragen_array_test_20260513/cross_gwas2026_alsu_winter	unchecked
admixture_aware_relatedness	cross_ibd_pihat_0125.genome	NONE	conclusion	NONE	unchecked
admixture_aware_relatedness	Merged samples: 1,193 total.	1,193	conclusion	NONE	unchecked
admixture_aware_relatedness	Cohorts in sample map: 1,098 ALSU and 95 GWAS2026.	1,098;95	conclusion	NONE	unchecked
admixture_aware_relatedness	LD-pruned SNPs used for relatedness and PCA: 104,411.	104,411.	conclusion	NONE	unchecked
admixture_aware_relatedness	ALSU typed-array source bfile: /staging/ALSU-analysis/winter2025/PLINK_301125_0312/ConvSK_mind20_dedup_snpqc	NONE	path	/staging/ALSU-analysis/winter2025/PLINK_301125_0312/ConvSK_mind20_dedup_snpqc	unchecked
admixture_aware_relatedness	GWAS2026 source bfile: /staging/ALSU-analysis/admixture_analysis/temp/dragen_array_test_20260513/gwas2026/plink/gwas2026_raw	NONE	path	/staging/ALSU-analysis/admixture_analysis/temp/dragen_array_test_20260513/gwas2026/plink/gwas2026_raw	unchecked
admixture_aware_relatedness	The geographic visualization uses the same Step 11 Spring 2026 global K=5 .fam and .Q files, copied locally for reproducible rendering:	11;2026;5	conclusion	NONE	unchecked
admixture_aware_relatedness	data/step11_global_for_admixture.fam	NONE	conclusion	data/step11_global_for_admixture.fam	unchecked
admixture_aware_relatedness	data/step11_global_for_admixture.5.Q	NONE	conclusion	data/step11_global_for_admixture.5.Q	unchecked
admixture_aware_relatedness	Geographic metadata came from GWAS от 27.08 - For_Plink.csv.	27.08	conclusion	For_Plink.csv	unchecked
admixture_aware_relatedness	The copy in the project folder was checked against C:\work\alsu\GWAS от 27.08 - For_Plink.csv and was byte-identical.	27.08	conclusion	For_Plink.csv	unchecked
admixture_aware_relatedness	The CSV has 1,815 rows and 246 columns, including coded fields for participant birthplace, participant residence, and birthplace fields for grandparents and partners.	1,815;246	conclusion	NONE	unchecked
admixture_aware_relatedness	images/alsu_uzbekistan_k5_birthplace_map_expanded.png (current, expanded cohort n = 1,256)	1,256	count	NONE	unchecked
admixture_aware_relatedness	data/alsu_uzbekistan_k5_birthplace_summary_expanded.tsv	NONE	path	data/alsu_uzbekistan_k5_birthplace_summary_expanded.tsv	unchecked
admixture_aware_relatedness	images/alsu_uzbekistan_k5_birthplace_map.png (superseded, Spring 2026 run n = 1,047)	2026;1,047	count	NONE	unchecked
admixture_aware_relatedness	data/alsu_uzbekistan_k5_birthplace_summary.tsv	NONE	path	data/alsu_uzbekistan_k5_birthplace_summary.tsv	unchecked
admixture_aware_relatedness	data/natural_earth_uzb_admin1.geojson	NONE	conclusion	NONE	unchecked
admixture_aware_relatedness	The map joins Step 11 ADMIXTURE sample IDs directly to the CSV Sample Number field.	11	conclusion	ADMIXTURE	unchecked
admixture_aware_relatedness	It maps 992 Uzbekistan-born Step 11 samples to 14 Uzbekistan first-level regions.	992;11;14	count	NONE	unchecked
admixture_aware_relatedness	The remaining Step 11 rows are either 1000 Genomes reference samples, missing from the GWAS survey CSV, or have non-Uzbekistan/missing birthplace codes.	11;1000	conclusion	NONE	unchecked
admixture_aware_relatedness	"& ""C:\Program Files\PuTTY\plink.exe"" -batch -i ""C:\Users\T\.ssh\id_ed25519.ppk"" -m ""C:\work\Surface\work\ALSU-analysis\scripts\remote_admix_relatedness_inventory.sh"" copilot@100.104.25.22"	100.104	path	plink; remote_admix_relatedness_inventory.sh	unchecked
admixture_aware_relatedness	Inventory global and Spring 2026 ADMIXTURE outputs on DRAGEN.	2026	conclusion	ADMIXTURE; DRAGEN	unchecked
admixture_aware_relatedness	Spring 2026 ADMIXTURE overlap check	2026	conclusion	ADMIXTURE	unchecked
admixture_aware_relatedness	"& ""C:\Program Files\PuTTY\plink.exe"" -batch -i ""C:\Users\T\.ssh\id_ed25519.ppk"" -m ""C:\work\Surface\work\ALSU-analysis\scripts\remote_spring_admix_overlap_check.sh"" copilot@100.104.25.22"	100.104	path	plink; remote_spring_admix_overlap_check.sh	unchecked
admixture_aware_relatedness	Verify byte-level formatting of global_for_admixture.fam and global_for_admixture.5.Q.	NONE	conclusion	global_for_admixture.fam; global_for_admixture.5.Q	unchecked
admixture_aware_relatedness	Count Spring 2026 ADMIXTURE rows.	2026	conclusion	ADMIXTURE	unchecked
admixture_aware_relatedness	Count exact and normalized overlap between cross-cohort ALSU sample IDs and Step 11 ADMIXTURE sample IDs.	11	conclusion	ADMIXTURE	unchecked
admixture_aware_relatedness	"& ""C:\Program Files\PuTTY\plink.exe"" -batch -i ""C:\Users\T\.ssh\id_ed25519.ppk"" -m ""C:\work\Surface\work\ALSU-analysis\scripts\remote_admix_kinship_eval.sh"" copilot@100.104.25.22"	100.104	path	plink; remote_admix_kinship_eval.sh	unchecked
admixture_aware_relatedness	/staging/conda/envs/bioinfo/bin/plink2 \	NONE	path	/staging/conda/envs/bioinfo/bin/plink2	unchecked
admixture_aware_relatedness	KING report threshold: kinship ≥ 0.0884, using cross_king_00884.kin0.	0.0884	conclusion	KING	unchecked
admixture_aware_relatedness	PLINK relatedness screen: PI_HAT ≥ 0.185, selected from cross_ibd_pihat_0125.genome.	0.185	conclusion	PLINK	unchecked
admixture_aware_relatedness	PI_HAT file itself was generated with --genome --min 0.125; the stricter PI_HAT ≥ 0.185 threshold was used for this discordance analysis.	0.125;0.185	path	NONE	unchecked
admixture_aware_relatedness	Pair-level table: /staging/ALSU-analysis/admixture_analysis/temp/dragen_array_test_20260513/cross_gwas2026_alsu_winter/admixture_king_pihat_pairs.tsv	NONE	path	/staging/ALSU-analysis/admixture_analysis/temp/dragen_array_test_20260513/cross_gwas2026_alsu_winter/admixture_king_piha	unchecked
admixture_aware_relatedness	Summary table: /staging/ALSU-analysis/admixture_analysis/temp/dragen_array_test_20260513/cross_gwas2026_alsu_winter/admixture_king_pihat_summary.txt	NONE	path	/staging/ALSU-analysis/admixture_analysis/temp/dragen_array_test_20260513/cross_gwas2026_alsu_winter/admixture_king_piha	unchecked
admixture_aware_relatedness	"& ""C:\Program Files\PuTTY\plink.exe"" -batch -i ""C:\Users\T\.ssh\id_ed25519.ppk"" -m ""C:\work\Surface\work\ALSU-analysis\scripts\remote_pcrelate_env_prepare.sh"" copilot@100.104.25.22"	100.104	path	plink; remote_pcrelate_env_prepare.sh	unchecked
admixture_aware_relatedness	Create an isolated R library at /staging/ALSU-analysis/admixture_analysis/temp/dragen_array_test_20260513/pcrelate_env/Rlib.	NONE	path	/staging/ALSU-analysis/admixture_analysis/temp/dragen_array_test_20260513/pcrelate_env/Rlib.	unchecked
admixture_aware_relatedness	"& ""C:\Program Files\PuTTY\plink.exe"" -batch -i ""C:\Users\T\.ssh\id_ed25519.ppk"" -m ""C:\work\Surface\work\ALSU-analysis\scripts\remote_pcrelate_status.sh"" copilot@100.104.25.22"	100.104	path	plink; remote_pcrelate_status.sh	unchecked
admixture_aware_relatedness	The first install attempt failed because igraph.so linked against ICU 75 and could not load libicui18n.so.75.	75	conclusion	NONE	unchecked
admixture_aware_relatedness	Compatible ICU 75 libraries were then verified under /staging/miniconda3/lib and /staging/conda/envs/bioinfo/lib; the PC-Relate scripts were patched to export those directories on LD_LIBRARY_PATH.	75	path	/staging/miniconda3/lib; /staging/conda/envs/bioinfo/lib;; PC-Relate	unchecked
admixture_aware_relatedness	"& ""C:\Program Files\PuTTY\plink.exe"" -batch -i ""C:\Users\T\.ssh\id_ed25519.ppk"" -m ""C:\work\Surface\work\ALSU-analysis\scripts\remote_pcrelate_run.sh"" copilot@100.104.25.22"	100.104	path	plink; remote_pcrelate_run.sh	unchecked
admixture_aware_relatedness	/staging/ALSU-analysis/admixture_analysis/temp/dragen_array_test_20260513/pcrelate_env/run/merged_pruned.{bed,bim,fam}	NONE	path	/staging/ALSU-analysis/admixture_analysis/temp/dragen_array_test_20260513/pcrelate_env/run/merged_pruned.{bed,bim,fam}	unchecked
admixture_aware_relatedness	/staging/ALSU-analysis/admixture_analysis/temp/dragen_array_test_20260513/pcrelate_env/run/merged_pruned.gds	NONE	path	/staging/ALSU-analysis/admixture_analysis/temp/dragen_array_test_20260513/pcrelate_env/run/merged_pruned.gds	unchecked
admixture_aware_relatedness	/staging/ALSU-analysis/admixture_analysis/temp/dragen_array_test_20260513/pcrelate_env/run/pcrelate_kinBtwn.tsv	NONE	path	/staging/ALSU-analysis/admixture_analysis/temp/dragen_array_test_20260513/pcrelate_env/run/pcrelate_kinBtwn.tsv	unchecked
admixture_aware_relatedness	/staging/ALSU-analysis/admixture_analysis/temp/dragen_array_test_20260513/pcrelate_env/run/pcrelate_comparison_summary.txt	NONE	path	/staging/ALSU-analysis/admixture_analysis/temp/dragen_array_test_20260513/pcrelate_env/run/pcrelate_comparison_summary.t	unchecked
admixture_aware_relatedness	"& ""C:\Program Files\PuTTY\plink.exe"" -batch -i ""C:\Users\T\.ssh\id_ed25519.ppk"" -m ""C:\work\Surface\work\ALSU-analysis\scripts\remote_pcrelate_compare.sh"" copilot@100.104.25.22"	100.104	path	plink; remote_pcrelate_compare.sh	unchecked
admixture_aware_relatedness	/staging/ALSU-analysis/admixture_analysis/temp/dragen_array_test_20260513/pcrelate_env/run/pcrelate_vs_king_pihat_admix.tsv	NONE	path	/staging/ALSU-analysis/admixture_analysis/temp/dragen_array_test_20260513/pcrelate_env/run/pcrelate_vs_king_pihat_admix.	unchecked
admixture_aware_relatedness	/staging/ALSU-analysis/admixture_analysis/temp/dragen_array_test_20260513/pcrelate_env/run/pcrelate_vs_king_pihat_admix_summary.tsv	NONE	path	/staging/ALSU-analysis/admixture_analysis/temp/dragen_array_test_20260513/pcrelate_env/run/pcrelate_vs_king_pihat_admix_	unchecked
admixture_aware_relatedness	"& ""C:\Program Files\PuTTY\plink.exe"" -batch -i ""C:\Users\T\.ssh\id_ed25519.ppk"" -m ""C:\work\Surface\work\ALSU-analysis\scripts\remote_relateadmix_run.sh"" copilot@100.104.25.22"	100.104	path	plink; remote_relateadmix_run.sh	unchecked
admixture_aware_relatedness	Reuse the same LD-pruned merged PLINK bfile used for PC-Relate (merged_pruned, 1,193 samples and 104,411 SNPs).	1,193;104,411	count	PLINK; PC-Relate	unchecked
admixture_aware_relatedness	Run ADMIXTURE K=5 on that exact pruned bfile to generate matching .P and .Q inputs for RelateAdmix.	5	conclusion	ADMIXTURE	unchecked
admixture_aware_relatedness	Convert RelateAdmix k0/k1/k2 output to a kinship-equivalent value and compare against PI_HAT, KING, and PC-Relate.	NONE	conclusion	KING; PC-Relate	unchecked
admixture_aware_relatedness	Commit built on DRAGEN: dea1c987e4fa9be0967faffcfd67ba843d3666d9	NONE	conclusion	DRAGEN: dea1c987e4fa9be0967faffcfd67ba843d3666	unchecked
admixture_aware_relatedness	Binary: /staging/ALSU-analysis/admixture_analysis/temp/dragen_array_test_20260513/relateadmix_env/relateAdmix/src/relateAdmix	NONE	path	/staging/ALSU-analysis/admixture_analysis/temp/dragen_array_test_20260513/relateadmix_env/relateAdmix/src/relateAdmix	unchecked
admixture_aware_relatedness	"(cd ""$RUN"" && ""$ADMIXTURE"" -j""$THREADS"" merged_pruned.bed 5 | tee admixture_k5_for_relateadmix.log)"	5	conclusion	ADMIXTURE; merged_pruned.bed; admixture_k5_for_relateadmix.log	unchecked
admixture_aware_relatedness	The ADMIXTURE prerequisite completed in 53 QN/block iterations and wrote matching inputs:	53	conclusion	ADMIXTURE	unchecked
admixture_aware_relatedness	/staging/ALSU-analysis/admixture_analysis/temp/dragen_array_test_20260513/relateadmix_env/run/merged_pruned.5.Q: 1,193 rows.	1,193	path	/staging/ALSU-analysis/admixture_analysis/temp/dragen_array_test_20260513/relateadmix_env/run/merged_pruned.5.Q:	unchecked
admixture_aware_relatedness	/staging/ALSU-analysis/admixture_analysis/temp/dragen_array_test_20260513/relateadmix_env/run/merged_pruned.5.P: 104,411 rows.	104,411	path	/staging/ALSU-analysis/admixture_analysis/temp/dragen_array_test_20260513/relateadmix_env/run/merged_pruned.5.P:	unchecked
admixture_aware_relatedness	"-f ""$RUN/merged_pruned.5.P"" \"	NONE	conclusion	NONE	unchecked
admixture_aware_relatedness	"-q ""$RUN/merged_pruned.5.Q"" \"	NONE	conclusion	RUN/merged_pruned.5.Q	unchecked
admixture_aware_relatedness	"-o ""$RUN/relateadmix_merged_pruned_k5"" \"	NONE	conclusion	NONE	unchecked
admixture_aware_relatedness	RelateAdmix generated 711,028 all-pair estimates plus a header line.	711,028	conclusion	NONE	unchecked
admixture_aware_relatedness	Output columns are ind1, ind2, k0, k1, k2, and nIter, with zero-based sample indices.	NONE	conclusion	NONE	unchecked
admixture_aware_relatedness	RelateAdmix PI_HAT-equivalent = k2 + 0.5 * k1	0.5	conclusion	NONE	unchecked
admixture_aware_relatedness	RelateAdmix kinship-equivalent = (k2 + 0.5 * k1) / 2	0.5;2	conclusion	NONE	unchecked
admixture_aware_relatedness	Step 11 presents K=5 as the most parsimonious global ADMIXTURE resolution: all major continental components are resolved, while higher K values add finer structure with smaller interpretability gains.	11;5	conclusion	ADMIXTURE	unchecked
admixture_aware_relatedness	K=8 has a nominally lower CV error but is described as only marginally better than K=7.	8;7.	conclusion	NONE	unchecked
admixture_aware_relatedness	For relatedness diagnostics, K=5 is therefore a better operational ancestry space than a higher, less stable K.	5	conclusion	NONE	unchecked
admixture_aware_relatedness	The local Step 11 HTML display labels are not assumed to be the same as the raw .5.Q column order on DRAGEN.	11	conclusion	5.Q; DRAGEN	unchecked
admixture_aware_relatedness	The analysis script inferred raw K=5 component labels by matching 1000 Genomes reference samples in the ADMIXTURE .fam against the 1000G superpopulation panel and computing superpopulation means for each raw Q column.	5;1000;1000	conclusion	ADMIXTURE	unchecked
admixture_aware_relatedness	The inferred raw Spring 2026 K=5 labels were:	2026;5	conclusion	NONE	unchecked
admixture_aware_relatedness	The matched ALSU samples in the cross-cohort dataset had mean K=5 components:	5	conclusion	NONE	unchecked
admixture_aware_relatedness	European / West Eurasian Q4: 0.471304	0.471304	conclusion	NONE	unchecked
admixture_aware_relatedness	This agrees with the Step 11 page-level biological interpretation of Uzbek ancestry as a West Eurasian, East Asian, and South Asian mixture.	11	conclusion	NONE	unchecked
admixture_aware_relatedness	The first test used PC10 Euclidean distance as a broad ancestry proxy.	NONE	conclusion	NONE	unchecked
admixture_aware_relatedness	The merged bfile was LD-pruned to 104,411 SNPs, and PLINK2 PCA was run on the pruned SNPs.	104,411	count	PLINK2	unchecked
admixture_aware_relatedness	For every pair with PI_HAT ≥ 0.185, the script classified the pair as:	0.185	conclusion	NONE	unchecked
admixture_aware_relatedness	concordant_king_pihat: present in KING output at kinship ≥ 0.0884.	0.0884	conclusion	KING	unchecked
admixture_aware_relatedness	discordant_pihat_only: PI_HAT ≥ 0.185 but absent from the KING file, meaning KING kinship < 0.0884 or not reported.	0.185;0.0884	conclusion	KING	unchecked
admixture_aware_relatedness	Then the PC10 Euclidean distance was compared between concordant and discordant groups.	NONE	conclusion	NONE	unchecked
admixture_aware_relatedness	Direct K=5 ADMIXTURE distance analysis	5	conclusion	ADMIXTURE	unchecked
admixture_aware_relatedness	The second, stronger test used Step 11 Spring 2026 K=5 Q vectors directly.	11;2026;5	conclusion	NONE	unchecked
admixture_aware_relatedness	This was possible only for matched ALSU samples, because GWAS2026 samples were not part of the Spring 2026 Step 11 ADMIXTURE run.	2026;11	count	ADMIXTURE	unchecked
admixture_aware_relatedness	Therefore, K=5 Q-distance summaries are directly interpretable mainly for ALSU+ALSU pairs;	5	conclusion	NONE	unchecked
admixture_aware_relatedness	ALSU+GWAS2026 and GWAS2026+GWAS2026 pairs are mostly NA for Q-distance.	NONE	count	NONE	unchecked
admixture_aware_relatedness	For each pair with PI_HAT ≥ 0.185, the script computed:	0.185	conclusion	NONE	unchecked
admixture_aware_relatedness	Euclidean K=5 Q-vector distance.	5	conclusion	NONE	unchecked
admixture_aware_relatedness	/staging/conda/envs/bioinfo/bin/plink2 \	NONE	path	/staging/conda/envs/bioinfo/bin/plink2	unchecked
admixture_aware_relatedness	This produced 1,193 samples and 104,411 LD-pruned variants.	1,193;104,411	count	NONE	unchecked
admixture_aware_relatedness	The pruned PLINK data were converted to GDS with SNPRelate::snpgdsBED2GDS.	NONE	conclusion	PLINK	unchecked
admixture_aware_relatedness	"SNPRelate::snpgdsIBDKING was then run with type = ""KING-robust"", useMatrix = TRUE, and missing.rate = 0.01."	0.01	conclusion	KING	unchecked
admixture_aware_relatedness	This retained 61,791 high-call pruned SNPs after removing monomorphic or higher-missingness SNPs.	61,791	conclusion	NONE	unchecked
admixture_aware_relatedness	The SNPRelate KING matrix was used as both the kinship and divergence input for GENESIS::pcair, with thresholds kin.thresh = 2^(-9/2) and div.thresh = -2^(-9/2).	2;-9;2;-2;-9;2	conclusion	KING	unchecked
admixture_aware_relatedness	PC-AiR partitioned the dataset into 1,153 unrelated samples and 40 related samples, then produced ancestry PCs.	1,153;40	conclusion	NONE	unchecked
admixture_aware_relatedness	PC-Relate was run with the first 10 PCs, the PC-AiR unrelated set as the training set, and the same 61,791 SNPs.	10;61,791	count	PC-Relate	unchecked
admixture_aware_relatedness	It produced 711,028 pairwise kinship estimates, exactly the complete set of unordered pairs for 1,193 samples.	711,028;1,193	count	NONE	unchecked
admixture_aware_relatedness	Among all pairs with PI_HAT ≥ 0.185:	0.185	conclusion	NONE	unchecked
admixture_aware_relatedness	Concordant with KING at kinship ≥ 0.0884: 1,734.	0.0884;1,734.	conclusion	KING	unchecked
admixture_aware_relatedness	PI_HAT-only discordant: 4,494.	4,494.	conclusion	NONE	unchecked
admixture_aware_relatedness	Mean PI_HAT overall: 0.3162.	0.3162	conclusion	NONE	unchecked
admixture_aware_relatedness	Mean KING kinship among concordant pairs: 0.108142.	0.108142	conclusion	KING	unchecked
admixture_aware_relatedness	PC10 distance did not explain discordance by itself	NONE	conclusion	NONE	unchecked
admixture_aware_relatedness	KING+PI_HAT concordant pairs: 0.077975.	0.077975	conclusion	KING	unchecked
admixture_aware_relatedness	PI_HAT-only discordant pairs: 0.074798.	0.074798	conclusion	NONE	unchecked
admixture_aware_relatedness	PC10 distance is therefore too blunt a proxy for the specific ancestry differences affecting PI_HAT/KING discordance.	NONE	conclusion	KING	unchecked
admixture_aware_relatedness	Direct Step 11 K=5 distance did explain discordance	11;5	conclusion	NONE	unchecked
admixture_aware_relatedness	Mean K=5 Q-vector distance:	5	conclusion	NONE	unchecked
admixture_aware_relatedness	KING+PI_HAT concordant pairs: 0.130331.	0.130331	conclusion	KING	unchecked
admixture_aware_relatedness	PI_HAT-only discordant pairs: 0.160305.	0.160305	conclusion	NONE	unchecked
admixture_aware_relatedness	KING+PI_HAT concordant pairs: 0.070235.	0.070235	conclusion	KING	unchecked
admixture_aware_relatedness	PI_HAT-only discordant pairs: 0.088074.	0.088074	conclusion	NONE	unchecked
admixture_aware_relatedness	Low Q-distance: 394 pairs, 66 concordant, 328 discordant, discordance rate 0.8325.	394;66;328;0.8325	count	NONE	unchecked
admixture_aware_relatedness	Mid Q-distance: 393 pairs, 39 concordant, 354 discordant, discordance rate 0.9008.	393;39;354;0.9008	count	NONE	unchecked
admixture_aware_relatedness	High Q-distance: 394 pairs, 29 concordant, 365 discordant, discordance rate 0.9264.	394;29;365;0.9264	count	NONE	unchecked
admixture_aware_relatedness	Unmatched Q-distance: 5,047 pairs, 1,600 concordant, 3,447 discordant, discordance rate 0.6830.	5,047;1,600;3,447;0.6830	count	NONE	unchecked
admixture_aware_relatedness	It is that, within pairs where Step 11 K=5 ancestry could be assigned, PI_HAT-only discordant pairs are more ancestry-divergent than KING+PI_HAT concordant pairs.	11;5	conclusion	KING	unchecked
admixture_aware_relatedness	ALSU+ALSU: 4,583 pairs, 1,041 concordant, 3,542 discordant, discordance rate 0.7729.	4,583;1,041;3,542;0.7729	count	NONE	unchecked
admixture_aware_relatedness	ALSU+GWAS2026: 1,519 pairs, 590 concordant, 929 discordant, discordance rate 0.6116.	1,519;590;929;0.6116	count	NONE	unchecked
admixture_aware_relatedness	GWAS2026+GWAS2026: 126 pairs, 103 concordant, 23 discordant, discordance rate 0.1825.	126;103;23;0.1825	count	NONE	unchecked
admixture_aware_relatedness	The within-GWAS2026 discordance rate is much lower than ALSU+ALSU and ALSU+GWAS2026, suggesting that the merged Uzbek data structure and the broader ALSU ancestry spectrum are important contributors to method disagreement.	NONE	conclusion	NONE	unchecked
admixture_aware_relatedness	PC-Relate produced 711,028 pairwise kinship estimates across all 1,193 merged samples.	711,028;1,193	conclusion	PC-Relate	unchecked
admixture_aware_relatedness	Across all PC-Relate pairs, 48 pairs had PC-Relate kinship ≥ 0.0884.	48;0.0884	count	PC-Relate	unchecked
admixture_aware_relatedness	All 48 of those pairs were already present among the PI_HAT ≥ 0.185 pairs, so PC-Relate did not reveal an additional high-confidence related pair outside the PLINK PI_HAT screen.	48;0.185	count	PC-Relate; PLINK	unchecked
admixture_aware_relatedness	Among the 6,228 pairs with PI_HAT ≥ 0.185:	6,228;0.185	count	NONE	unchecked
admixture_aware_relatedness	PC-Relate kinship ≥ 0.0884: 48 pairs.	0.0884;48	count	PC-Relate	unchecked
admixture_aware_relatedness	PC-Relate kinship ≥ 0.177: 33 pairs.	0.177;33	count	PC-Relate	unchecked
admixture_aware_relatedness	PC-Relate kinship ≥ 0.354: 15 pairs.	0.354;15	count	PC-Relate	unchecked
admixture_aware_relatedness	Mean PC-Relate kinship overall: 0.002633.	0.002633	conclusion	PC-Relate	unchecked
admixture_aware_relatedness	KING+PI_HAT concordant pairs: 1,734 total; 43 had PC-Relate kinship ≥ 0.0884, 30 had PC-Relate kinship ≥ 0.177, and 12 had PC-Relate kinship ≥ 0.354.	1,734;43;0.0884;30;0.177;12;0.354	conclusion	KING; PC-Relate	unchecked
admixture_aware_relatedness	Mean PC-Relate kinship was 0.008176.	0.008176	conclusion	PC-Relate	unchecked
admixture_aware_relatedness	PI_HAT-only discordant pairs: 4,494 total; only 5 had PC-Relate kinship ≥ 0.0884, 3 had PC-Relate kinship ≥ 0.177, and 3 had PC-Relate kinship ≥ 0.354.	4,494;5;0.0884;3;0.177;3;0.354	conclusion	PC-Relate	unchecked
admixture_aware_relatedness	Mean PC-Relate kinship was 0.000495.	0.000495	conclusion	PC-Relate	unchecked
admixture_aware_relatedness	The five PI_HAT-only pairs still supported by PC-Relate at kinship ≥ 0.0884 were all ALSU+ALSU pairs:	0.0884	conclusion	PC-Relate	unchecked
admixture_aware_relatedness	ALSU_0407 / ALSU_0832: PI_HAT 0.5000, PC-Relate kinship 0.795545, Q-distance unavailable.	0.5000;0.795545	conclusion	PC-Relate	unchecked
admixture_aware_relatedness	ALSU_0808 / ALSU_0832: PI_HAT 0.5000, PC-Relate kinship 0.575325, Q-distance unavailable.	0.5000;0.575325	conclusion	PC-Relate	unchecked
admixture_aware_relatedness	ALSU_0787 / ALSU_0832: PI_HAT 0.5000, PC-Relate kinship 0.543498, Q-distance unavailable.	0.5000;0.543498	conclusion	PC-Relate	unchecked
admixture_aware_relatedness	ALSU_0832 / ALSU_0855: PI_HAT 0.5000, PC-Relate kinship 0.157009, Q-distance unavailable.	0.5000;0.157009	conclusion	PC-Relate	unchecked
admixture_aware_relatedness	ALSU_0218 / ALSU_0242: PI_HAT 0.5361, PC-Relate kinship 0.153170, Q-distance 0.078084, mid Q-distance bin.	0.5361;0.153170;0.078084	conclusion	PC-Relate	unchecked
admixture_aware_relatedness	RelateAdmix produced 711,028 all-pair estimates for the same 1,193-sample LD-pruned dataset.	711,028;1,193	conclusion	NONE	unchecked
admixture_aware_relatedness	RelateAdmix kinship-equivalent ≥ 0.0884: 27 pairs.	0.0884;27	count	NONE	unchecked
admixture_aware_relatedness	RelateAdmix kinship-equivalent ≥ 0.177: 21 pairs.	0.177;21	count	NONE	unchecked
admixture_aware_relatedness	RelateAdmix kinship-equivalent ≥ 0.354: 3 pairs.	0.354;3	count	NONE	unchecked
admixture_aware_relatedness	RelateAdmix kinship-equivalent ≥ 0.0884 outside the PI_HAT ≥ 0.185 screen: 0 pairs.	0.0884;0.185;0	count	NONE	unchecked
admixture_aware_relatedness	Among the 6,228 PI_HAT-screened pairs:	6,228	conclusion	NONE	unchecked
admixture_aware_relatedness	Mean RelateAdmix kinship-equivalent: 0.001870.	0.001870	conclusion	NONE	unchecked
admixture_aware_relatedness	Median RelateAdmix kinship-equivalent: 0.000373.	0.000373	conclusion	NONE	unchecked
admixture_aware_relatedness	RelateAdmix kinship-equivalent ≥ 0.0884: 27 pairs.	0.0884;27	count	NONE	unchecked
admixture_aware_relatedness	RelateAdmix kinship-equivalent ≥ 0.177: 21 pairs.	0.177;21	count	NONE	unchecked
admixture_aware_relatedness	RelateAdmix kinship-equivalent ≥ 0.354: 3 pairs.	0.354;3	count	NONE	unchecked
admixture_aware_relatedness	KING+PI_HAT concordant pairs: 1,734 total; 26 had RelateAdmix kinship-equivalent ≥ 0.0884, 20 had ≥ 0.177, and 3 had ≥ 0.354.	1,734;26;0.0884;20;0.177;3;0.354	conclusion	KING	unchecked
admixture_aware_relatedness	Mean RelateAdmix kinship-equivalent was 0.004569.	0.004569	conclusion	NONE	unchecked
admixture_aware_relatedness	PI_HAT-only discordant pairs: 4,494 total; only 1 had RelateAdmix kinship-equivalent ≥ 0.0884, and that same pair was the only one ≥ 0.177.	4,494;1;0.0884;0.177	conclusion	NONE	unchecked
admixture_aware_relatedness	None reached ≥ 0.354.	0.354	conclusion	NONE	unchecked
admixture_aware_relatedness	Mean RelateAdmix kinship-equivalent was 0.000829.	0.000829	conclusion	NONE	unchecked
admixture_aware_relatedness	ALSU_0218 / ALSU_0242: PI_HAT 0.5361, KING not reported at kinship ≥ 0.0884, PC-Relate kinship 0.153169, RelateAdmix kinship-equivalent 0.232894, K=5 Q-distance 0.078084, mid Q-distance bin.	0.5361;0.0884;0.153169;0.232894;5;0.078084	conclusion	KING; PC-Relate	unchecked
admixture_aware_relatedness	By pair type, RelateAdmix kinship-equivalent ≥ 0.0884 was seen in 11 ALSU+ALSU pairs, 0 ALSU+GWAS2026 pairs, and 16 GWAS2026+GWAS2026 pairs.	0.0884;11;0;16	count	NONE	unchecked
admixture_aware_relatedness	It gives an even stricter result for PI_HAT-only discordant pairs: 1 of 4,494 remains supported at the third-degree kinship threshold.	1;4,494	conclusion	NONE	unchecked
admixture_aware_relatedness	It was installed from the official GitHub source, built successfully on DRAGEN, and run on the merged ALSU+GWAS2026 LD-pruned dataset after generating matching ADMIXTURE K=5 .P and .Q inputs from the exact same PLINK bfile.	5	conclusion	DRAGEN, and run on the merged ALSU+GWAS2026 LD; ADMIXTURE; PLINK	unchecked
admixture_aware_relatedness	Convert PLINK BED/BIM/FAM to GDS with SNPRelate::snpgdsBED2GDS.	NONE	conclusion	PLINK	unchecked
admixture_aware_relatedness	An isolated R library was created under /staging/ALSU-analysis/admixture_analysis/temp/dragen_array_test_20260513/pcrelate_env/Rlib.	NONE	path	/staging/ALSU-analysis/admixture_analysis/temp/dragen_array_test_20260513/pcrelate_env/Rlib.	unchecked
admixture_aware_relatedness	The earlier igraph build step failed to load because libicui18n.so.75 was not on the runtime loader path.	NONE	conclusion	NONE	unchecked
admixture_aware_relatedness	This was resolved by exporting /staging/miniconda3/lib:/staging/conda/envs/bioinfo/lib on LD_LIBRARY_PATH in the environment, status, and run scripts.	NONE	path	/staging/miniconda3/lib:/staging/conda/envs/bioinfo/lib	unchecked
admixture_aware_relatedness	PC-AiR/PC-Relate was applied successfully to the LD-pruned merged ALSU+GWAS2026 dataset.	NONE	conclusion	PC-Relate	unchecked
admixture_aware_relatedness	The practical result is clear: PC-Relate supports only 5 of 4,494 PI_HAT-only discordant pairs at kinship ≥ 0.0884.	5;4,494;0.0884	conclusion	PC-Relate	unchecked
admixture_aware_relatedness	The Step 11 admixture analysis confirms that Uzbek samples in ALSU are strongly admixed, with a major European / West Eurasian component, a large East Asian component, and a substantial South Asian component.	11	conclusion	admixture	unchecked
admixture_aware_relatedness	The current results show a large discordance between PLINK PI_HAT and KING in the merged ALSU+GWAS2026 GSA dataset.	NONE	conclusion	PLINK; KING	unchecked
admixture_aware_relatedness	Among 6,228 pairs with PI_HAT ≥ 0.185, only 1,734 were also reported by KING at kinship ≥ 0.0884, leaving 4,494 PI_HAT-only discordant pairs.	6,228;0.185;1,734;0.0884;4,494	count	KING	unchecked
admixture_aware_relatedness	The direct Step 11 K=5 analysis gives evidence that ancestry divergence contributes to this discordance: PI_HAT-only discordant pairs have higher mean K=5 Q-vector distance than KING+PI_HAT concordant pairs, and the discordance rate rises across K=5 	11;5;5;5	conclusion	KING	unchecked
admixture_aware_relatedness	PC10 Euclidean distance was not higher in PI_HAT-only discordant pairs.	NONE	conclusion	NONE	unchecked
admixture_aware_relatedness	Direct supervised interpretation of K=5 ADMIXTURE components was more informative.	5	conclusion	ADMIXTURE	unchecked
admixture_aware_relatedness	The most defensible interpretation is that PI_HAT is inflated or unstable for many pairs in the admixed Uzbek context, especially across ALSU samples with different Step 11 K=5 ancestry profiles.	11;5	conclusion	NONE	unchecked
admixture_aware_relatedness	Only 5 of 4,494 PI_HAT-only discordant pairs reach PC-Relate kinship ≥ 0.0884, and only 1 of 4,494 reaches RelateAdmix kinship-equivalent ≥ 0.0884.	5;4,494;0.0884;1;4,494;0.0884	conclusion	PC-Relate	unchecked
admixture_aware_relatedness	No PC-Relate-supported or RelateAdmix-supported pair at that threshold was absent from the PI_HAT ≥ 0.185 screen.	0.185	conclusion	PC-Relate	unchecked
admixture_aware_relatedness	The strongest PC-Relate-supported PI_HAT-only pairs involve the same ALSU sample cluster around ALSU_0832, whereas the single RelateAdmix-supported PI_HAT-only pair is ALSU_0218 / ALSU_0242.	NONE	conclusion	PC-Relate	unchecked
admixture_aware_relatedness	Annotate high-PI_HAT discordant pairs by Step 11 K=5 ancestry distance, especially East Asian and West Eurasian component differences.	11;5	conclusion	NONE	unchecked
admixture_aware_relatedness	Manually review the five PI_HAT-only but PC-Relate-supported ALSU+ALSU pairs before sample removal, with special attention to ALSU_0218 / ALSU_0242, because it is the only PI_HAT-only pair supported by both PC-Relate and RelateAdmix.	NONE	conclusion	PC-Relate	unchecked
admixture_aware_relatedness	→ Per-Sample Cross-Method Relatedness Report — sortable table of all 1,193 samples with closest match by each of the 4 methods, concordance status, and prominent-case highlighting.	1,193;4	count	NONE	unchecked
admixture_aware_relatedness	Manually review the five PI_HAT-only but PC-Relate-supported ALSU+ALSU pairs, especially the cluster involving ALSU_0832.	NONE	conclusion	PC-Relate	unchecked
admixture_aware_relatedness	Manually review ALSU_0218 / ALSU_0242 as the single PI_HAT-only discordant pair supported by both PC-Relate and RelateAdmix.	NONE	conclusion	PC-Relate	unchecked
arg_methods_pilot	Note (2026-10-02): the population-history (ARG) work is not lost: this pilot is the planned population-history analysis (Ne(t), divergence times, genealogical support for selection).	2026;10;02	conclusion	NONE	unchecked
arg_methods_pilot	Its premise that ARG evidence could corroborate the PBS candidates no longer applies, because those candidates were artefacts of the 1000 Genomes GRCh38 reference file and do not replicate on NYGC 30x.	1000;30	statistic	NONE	unchecked
arg_methods_pilot	The chr22 pilot (n=160, default CEU demography) remains a valid demonstration that the pipeline runs, not an estimate of Uzbek history.	160,	count	NONE	unchecked
arg_methods_pilot	Applicability of tsinfer+tsdate, SINGER, and ARG-Needle to the ALSU array cohort, and a real chr22 pilot run	NONE	conclusion	NONE	unchecked
arg_methods_pilot	selection at the loci already flagged by PBS (the chr9/chr18 loci, and the 5 PBS candidates):	5	statistic	NONE	unchecked
arg_methods_pilot	Method | Supports SNP array? | Scales to ~1,256 samples? | Verdict |	1,256	count	NONE	unchecked
arg_methods_pilot	Yes — validated floor is ~300 haploid samples, our cohort is 2,512 haploid |	300;2,512	conclusion	NONE	unchecked
arg_methods_pilot	Nat Rev Genet 26:47–58 (2025) — Table 1 explicitly lists genotyping-array support	26;47;58;2025;1	conclusion	NONE	unchecked
arg_methods_pilot	ARG-Needle's minimum validated sample count (~300 sequences) is from Wang & Palamara,	300	conclusion	NONE	unchecked
arg_methods_pilot	"""The era of the ARG"" (arXiv:2310.12070)."	2310.12070	conclusion	NONE	unchecked
arg_methods_pilot	Pilot run — chr22, n=160 (320 haploid)	160;320	count	NONE	unchecked
arg_methods_pilot	It uses a random 160-sample	160	conclusion	NONE	unchecked
arg_methods_pilot	subset of the UZB popgen cohort, chromosome 22 only, and ARG-Needle's bundled default CEU	22	conclusion	NONE	unchecked
arg_methods_pilot	Region covered | chr22:0–35,416,614 (GRCh38) |	0;35,416,614	conclusion	NONE	unchecked
arg_methods_pilot	ARG nodes / edges | 1,233,422 / 7,915,739 |	1,233,422;7,915,739	conclusion	NONE	unchecked
arg_methods_pilot	Local trees (recombination-delimited) | 71,449 |	71,449	conclusion	NONE	unchecked
arg_methods_pilot	TMRCA across 2,042 sampled local trees (generations) |	2,042	conclusion	NONE	unchecked
arg_methods_pilot	min 1,426 · median 50,131 · mean 60,621 · max 307,374 |	1,426;50,131;60,621;307,374	conclusion	NONE	unchecked
arg_methods_pilot	Decoding quantities | 30-100-2000_CEU.decodingQuantities.gz (ARG-Needle bundled default) |	30;100;2000	conclusion	NONE	unchecked
arg_methods_pilot	The genetic map must be 4 columns, tab-separated: chromosome, SNP ID, cM, bp	4	conclusion	NONE	unchecked
arg_methods_pilot	position — a 3-column map (ID, bp, cM) fails with the same opaque error.	3	conclusion	NONE	unchecked
arg_methods_pilot	same bp, 18 of 92,704 chr22 sites here) must be removed from the .haps and	18;92,704	conclusion	NONE	unchecked
arg_methods_pilot	Confirmed hard floor: ARG-Needle's CSFS requires ≥300 haploid samples.	300	conclusion	NONE	unchecked
arg_methods_pilot	"98-haploid attempt failed explicitly: ""SNP with ID rs117578132 has 98 non-missing"	98;98	conclusion	NONE	unchecked
arg_methods_pilot	"individuals, but the CSFS requires at least 300."" This empirically confirms the ~300-sequence"	300.;300	conclusion	NONE	unchecked
arg_methods_pilot	minimum cited in the literature (§2 above) against our actual data.	2	conclusion	NONE	unchecked
arg_methods_pilot	Threading rate observed: ~20–21 seconds per haploid sample on chr22	20;21	conclusion	NONE	unchecked
arg_methods_pilot	(92,686 SNPs) at 320 total haploid samples — roughly linear in sample count, so a full-cohort	92,686;320	count	NONE	unchecked
arg_methods_pilot	run (2,512 haploid) on one chromosome is a multi-hour job, and genome-wide is substantially longer.	2,512	conclusion	NONE	unchecked
arg_methods_pilot	Extend the pilot to the full popgen cohort (n=1,256) on chromosomes containing the PBS	1,256	count	NONE	unchecked
arg_methods_pilot	candidates and the chr9/chr18 loci, to test for genealogical corroboration of the existing	NONE	conclusion	NONE	unchecked
arg_methods_pilot	Verified on DRAGEN (Biotech2024, copilot@100.104.25.22) 2026-09-20.	100.104;2026;09;20.	conclusion	DRAGEN (Biotech2024, copilot@100	unchecked
arg_methods_pilot	/staging/ALSU-analysis/spring2026/full_expanded_cohort/argneedle_pilot_2026-09/.	09	path	/staging/ALSU-analysis/spring2026/full_expanded_cohort/argneedle_pilot_2026-09/.	unchecked
arg_methods_pilot	Input: Eagle-phased, TOPMed-imputed chr22 VCF	NONE	conclusion	NONE	unchecked
arg_methods_pilot	(spring2026/post_imputation/filtered/chr22.clean.vcf.gz), MAF≥0.01, 1,024 UZB	0.01;1,024	statistic	spring2026/post_imputation/filtered/chr22.clean.vcf.gz	unchecked
arg_methods_pilot	samples available in that file, 160 randomly subset for this pilot.	160	conclusion	NONE	unchecked
manuscript_rpl	Pending rewrite (2026-10-02): The 8 Tier-1 PBS candidates used in this draft (section 3.2) were artefacts of the 1000 Genomes GRCh38 reference file; the association tests on them are void.	2026;10;02;8;1;3.2;1000	statistic	NONE	unchecked
manuscript_rpl	3.6 Cross-study comparison	3.6	conclusion	NONE	unchecked
manuscript_rpl	Manuscript draft — Reproductive genetics in Central Asia (Paper 2 of 2)	2;2	conclusion	NONE	unchecked
manuscript_rpl	“A first-pass genome-wide association study of recurrent pregnancy loss in 273 Uzbek	273	conclusion	NONE	unchecked
manuscript_rpl	cases and 509 controls: descriptive frequencies, suggestive signals, and replication	509	statistic	NONE	unchecked
manuscript_rpl	Abstract (250 words, structured)	250	conclusion	NONE	unchecked
manuscript_rpl	Recurrent pregnancy loss (RPL) affects 1–5% of women attempting conception.	1;5%	statistic	NONE	unchecked
manuscript_rpl	genetic dissection has been performed in European-ancestry cohorts (Kolte et al. 2015;	2015	conclusion	NONE	unchecked
manuscript_rpl	Of 1,815 self-identified Uzbek women in the ALSU clinical registry, 1,011 were genotyped on a	1,815;1,011	conclusion	NONE	unchecked
manuscript_rpl	custom Illumina array, imputed against the TOPMed r2 reference.	NONE	statistic	NONE	unchecked
manuscript_rpl	classification (≥2 intrauterine losses at GA < 20 weeks as cases, parous women	2;20	conclusion	NONE	unchecked
manuscript_rpl	with no losses as controls), 273 cases and 509 controls entered the analytic dataset.	273;509	conclusion	NONE	unchecked
manuscript_rpl	a three-tier strategy in PLINK2 with Firth-hybrid logistic regression: (Tier 1) targeted	1	conclusion	PLINK2	unchecked
manuscript_rpl	test of 8 Uzbek-specific selection candidates from a paired population genomics study (this	8	conclusion	NONE	unchecked
manuscript_rpl	(Tier 2) screen of 4 known European RPL variants (F5 Leiden, F2 G20210A,	2;4	conclusion	NONE	unchecked
manuscript_rpl	MTHFR C677T, PAI-1 4G/5G);	1;4;5	conclusion	NONE	unchecked
manuscript_rpl	(Tier 3) genome-wide scan over 9.92 million well-imputed SNPs	3;9.92	conclusion	NONE	unchecked
manuscript_rpl	alternate case definitions (strict ESHRE ≥3 losses; including REVIEW samples; including	3	conclusion	NONE	unchecked
manuscript_rpl	The genomic inflation factor was λGC=0.978,	0.978	conclusion	NONE	unchecked
manuscript_rpl	SNPs at chr18:70.47–70.49 Mb (intronic to lncRNA ENSG00000288828; nearest protein-coding	70.47;70.49	conclusion	NONE	unchecked
manuscript_rpl	gene SOCS6 ~163 kb upstream)	163	conclusion	NONE	unchecked
manuscript_rpl	(lead SNPs rs4891860/rs11366565/rs4243320/rs4243321;	NONE	conclusion	NONE	unchecked
manuscript_rpl	OR≈0.35, p≈3.2×10−7),	0.35;3.2×10−7),	p-value	NONE	unchecked
manuscript_rpl	suggesting a protective effect; 198 variants reached the suggestive threshold p < 1×10−5.	198;1×10−5.	p-value	NONE	unchecked
manuscript_rpl	None of the 8 Uzbek-specific PBS candidates was associated with RPL after Bonferroni correction.	8	statistic	NONE	unchecked
manuscript_rpl	The classical thrombophilia panel did not replicate (all p > 0.6), although Uzbek allele	0.6	conclusion	NONE	unchecked
manuscript_rpl	frequencies for these variants are reported here for the first time and were 5–15 %	5;15	statistic	NONE	unchecked
manuscript_rpl	suggestive locus near SOCS6 as a candidate for replication in larger cohorts.	NONE	conclusion	NONE	unchecked
manuscript_rpl	RPL is heterogeneous: chromosomal abnormalities (~50 % of sporadic miscarriages),	50	statistic	NONE	unchecked
manuscript_rpl	unexplained immune factors all contribute (ESHRE Guideline 2017).	2017	conclusion	NONE	unchecked
manuscript_rpl	Heritability has been estimated at 20–30 % in twin studies; the largest genome-wide	20;30	statistic	NONE	unchecked
manuscript_rpl	meta-analysis to date (Kolte et al. 2020, ~10K cases) identified SYCP2L and	2020,;10	conclusion	NONE	unchecked
manuscript_rpl	TLE1 as genome-wide significant loci.	NONE	conclusion	NONE	unchecked
manuscript_rpl	Older candidate-gene literature implicates F5 Leiden, F2 G20210A, MTHFR C677T, and PAI-1	1	conclusion	NONE	unchecked
manuscript_rpl	4G/5G; meta-analyses report modest effect sizes (OR 1.2–3.5, Sergi 2014;	4;5;1.2;3.5;2014	conclusion	NONE	unchecked
manuscript_rpl	Committee ASRM 2012); robust replication has been mixed.	2012	conclusion	NONE	unchecked
manuscript_rpl	For populations on the EUR–SAS–EAS cline (such as Uzbeks; see paper 1), allele	1	conclusion	NONE	unchecked
manuscript_rpl	Test selection candidates from a paired Uzbek population-genomics study (paper 1) for	1	conclusion	NONE	unchecked
manuscript_rpl	The ALSU registry contains structured pregnancy histories for 1,815 Uzbek women (median age	1,815	conclusion	NONE	unchecked
manuscript_rpl	by outcome (live birth=1, intrauterine loss=2/3/6, stillbirth or other=4, ectopic=5,	1,;2;3;6,;4,;5,	conclusion	NONE	unchecked
manuscript_rpl	medical termination=7, current pregnancy=8) and gestational age (GA) at outcome.	7,;8	conclusion	NONE	unchecked
manuscript_rpl	CASE | ≥2 intrauterine losses at GA < 20 weeks | 273 |	2;20;273	conclusion	NONE	unchecked
manuscript_rpl	CONTROL | ≥1 live birth, 0 losses, not currently pregnant | 509 |	1;0;509	conclusion	NONE	unchecked
manuscript_rpl	GRAY | Exactly 1 sporadic loss | 119 (excluded primary) |	1;119	conclusion	NONE	unchecked
manuscript_rpl	REVIEW | Loss event(s) at GA ≥ 20 weeks (likely miscoded stillbirth) | 64 (excluded primary) |	20;64	conclusion	NONE	unchecked
manuscript_rpl	EXCLUDE_* | Age outside 18–45, ectopic-only, medical-only | 38 |	18;45,;38	conclusion	NONE	unchecked
manuscript_rpl	The classification is intentionally aligned with the ESHRE 2017 guideline that defines	2017	conclusion	NONE	unchecked
manuscript_rpl	RPL as ≥2 demonstrated pregnancy losses; we use < 20 weeks GA to exclude probable	2;20	conclusion	NONE	unchecked
manuscript_rpl	The same 1,074-sample post-imputation HQ dataset described in paper 1 (TOPMed r2,	1,074;1	statistic	NONE	unchecked
manuscript_rpl	Rsq ≥ 0.3, MAF ≥ 0.01) was the genotype source.	0.3;0.01	statistic	NONE	unchecked
manuscript_rpl	join, 782 individuals (273 + 509) entered the GWAS.	782;273;509	count	NONE	unchecked
manuscript_rpl	(Chang et al. 2015) was used for all association testing.	2015	conclusion	NONE	unchecked
manuscript_rpl	three principal components from a within-Uzbek PCA (Step 7).	7	conclusion	NONE	unchecked
manuscript_rpl	ADMIXTURE K=2 ancestry (Q1)	2	conclusion	ADMIXTURE	unchecked
manuscript_rpl	Q1 was excluded for collinearity with PC1	NONE	conclusion	NONE	unchecked
manuscript_rpl	logit(RPL) ~ SNP + AGE + BMI + PC1 + PC2 + PC3.	NONE	conclusion	NONE	unchecked
manuscript_rpl	factor λGC=0.978 confirms adequate control of population structure.	0.978	conclusion	NONE	unchecked
manuscript_rpl	Tier 1. 8 SNPs with PBS ≥ 0.3 from the paired population-genomics	1.;8;0.3	count	NONE	unchecked
manuscript_rpl	study (paper 1) tested at Bonferroni threshold p < 6.25×10−3.	1;6.25×10−3.	p-value	NONE	unchecked
manuscript_rpl	Tier 2. 4 well-known thrombophilia / one-carbon-metabolism RPL variants	2.;4	conclusion	NONE	unchecked
manuscript_rpl	(rs6025 F5 Leiden, rs1799963 F2 G20210A, rs1801133 MTHFR C677T, rs1799889 PAI-1 4G/5G);	1;4;5	conclusion	NONE	unchecked
manuscript_rpl	Genome-wide Firth-hybrid logistic regression over 9,920,030 valid	9,920,030	conclusion	NONE	unchecked
manuscript_rpl	threshold p < 5×10−8; suggestive threshold p <	5×10−8;	p-value	NONE	unchecked
manuscript_rpl	S1_strict3 | ESHRE strict: ≥3 strict losses | 97 | 509 |	3;97;509	conclusion	NONE	unchecked
manuscript_rpl	S2_review_as_case | Primary CASE + REVIEW (loss GA≥20) | 337 | 509 |	20;337;509	conclusion	NONE	unchecked
manuscript_rpl	S3_gray_as_case | Primary CASE + GRAY (any loss) | 392 | 509 |	392;509	conclusion	NONE	unchecked
manuscript_rpl	S4_probable | Primary CASE/CONTROL + PROBABLE (missing GA) | 291 | 512 |	291;512	conclusion	NONE	unchecked
manuscript_rpl	[Insert Table 3: top 10 hits for each sensitivity run; concordance with primary	3;10	conclusion	NONE	unchecked
manuscript_rpl	The 782-sample analytic dataset (273 cases + 509 controls) had a case:control ratio of 1:1.86.	782;273;509;1;1.86	conclusion	NONE	unchecked
manuscript_rpl	BMI distributions overlapped, and birthplace was distributed across all 14 Uzbek administrative	14	conclusion	NONE	unchecked
manuscript_rpl	Power calculations indicated >80% power for OR ≥ 3.0 at MAF 0.10	80%;3.0;0.10	statistic	NONE	unchecked
manuscript_rpl	at the suggestive threshold; the genome-wide threshold required OR ≥ 3.0 at common	3.0	conclusion	NONE	unchecked
manuscript_rpl	Tier 1 — PBS candidates	1	statistic	NONE	unchecked
manuscript_rpl	None of the 8 Uzbek-specific PBS candidates reached Bonferroni significance; smallest	8	statistic	NONE	unchecked
manuscript_rpl	p > 0.25, all OR confidence intervals span 1.0.	0.25;1.0	conclusion	NONE	unchecked
manuscript_rpl	Tier 2 — Known European RPL variants	2	conclusion	NONE	unchecked
manuscript_rpl	Three of four variants were typed; the PAI-1 indel was filtered by the imputation panel.	1	conclusion	NONE	unchecked
manuscript_rpl	(F5 Leiden p=0.87, F2 G20210A p=0.66, MTHFR C677T p=0.66) — expected given that >1,000	0.87;0.66;0.66;1,000	p-value	NONE	unchecked
manuscript_rpl	cases are required for 80% power.	80%	statistic	NONE	unchecked
manuscript_rpl	Uzbek allele frequencies were 5–15 % lower than	5;15	statistic	NONE	unchecked
manuscript_rpl	Tier 3 — Genome-wide scan	3	conclusion	NONE	unchecked
manuscript_rpl	The QQ plot follows the diagonal closely (λGC=0.978; no inflation, slight	0.978	conclusion	NONE	unchecked
manuscript_rpl	p < 5×10−8; 198 variants reached	5×10−8;;198	p-value	NONE	unchecked
manuscript_rpl	The strongest cluster localised to chr18:70.47–70.49 Mb in a region containing only	70.47;70.49	conclusion	NONE	unchecked
manuscript_rpl	long non-coding RNAs (intronic to ENSG00000288828;	NONE	conclusion	NONE	unchecked
manuscript_rpl	ENSG00000286642 nearby) with the nearest	NONE	conclusion	NONE	unchecked
manuscript_rpl	protein-coding gene being SOCS6 (suppressor of cytokine signalling 6,	6,	conclusion	NONE	unchecked
manuscript_rpl	chr18:70,288,888–70,330,199, ~163 kb upstream).	70,288,888;70,330,199,;163	conclusion	NONE	unchecked
manuscript_rpl	comprises four LD-correlated SNPs (rs4891860, rs11366565, rs4243320,	NONE	conclusion	NONE	unchecked
manuscript_rpl	rs4243321) at A1_FREQ ≈ 0.13 with OR ≈ 0.35 and	0.13;0.35	statistic	NONE	unchecked
manuscript_rpl	SOCS6 regulates JAK/STAT signalling and has plausible roles in immune tolerance	NONE	conclusion	NONE	unchecked
manuscript_rpl	No sensitivity run exceeded p < 5×10−8.	5×10−8.	p-value	NONE	unchecked
manuscript_rpl	λGC was well-controlled across all runs (0.857–1.021); the S1 deflation	0.857;1.021	conclusion	NONE	unchecked
manuscript_rpl	(0.857, 97 cases) is expected from Firth correction at small sample size and should not be	0.857;97	conclusion	NONE	unchecked
manuscript_rpl	Primary | 273 | 509 | 0 | 198 | 0.978 |	273;509;0;198;0.978	conclusion	NONE	unchecked
manuscript_rpl	chr18 cluster (near SOCS6) rs4891860 OR=0.35 p=3.2e-7 |	0.35;3.2e-7	p-value	NONE	unchecked
manuscript_rpl	S1 — strict ≥3 | 97 | 509 | 0 | 123 | 0.857 |	3;97;509;0;123;0.857	conclusion	NONE	unchecked
manuscript_rpl	rs9666550 chr1:188.2M OR=2.80 p=5.7e-7 |	188.2;2.80;5.7e-7	p-value	NONE	unchecked
manuscript_rpl	S2 — +REVIEW | 337 | 509 | 0 | 66 | 1.003 |	337;509;0;66;1.003	conclusion	NONE	unchecked
manuscript_rpl	rs594626 chr1:109.15M OR=1.98 p=4.2e-7; chr9 cluster (LINC00474; near PAPPA) rs28446251 p=6.2e-7 |	109.15;1.98;4.2e-7;6.2e-7	p-value	NONE	unchecked
manuscript_rpl	S3 — +GRAY | 392 | 509 | 0 | 52 | 1.021 |	392;509;0;52;1.021	conclusion	NONE	unchecked
manuscript_rpl	chr9 cluster (LINC00474; near PAPPA) rs28446251 OR=2.12 p=1.0e-7; rs3037402 OR=1.95 p=8.1e-7 |	2.12;1.0e-7;1.95;8.1e-7	p-value	NONE	unchecked
manuscript_rpl	S4 — +PROBABLE | 291 | 512 | 0 | 95 | 0.984 |	291;512;0;95;0.984	conclusion	NONE	unchecked
manuscript_rpl	chr1:109.15M OR=2.08 p=2.2e-7; chr18 cluster (near SOCS6) OR=0.36 p=2.9e-7 replicates primary |	109.15;2.08;2.2e-7;0.36;2.9e-7	p-value	NONE	unchecked
manuscript_rpl	Two loci showed cross-run robustness: (i) the chr18:70.49 Mb cluster (near SOCS6) appeared	70.49	conclusion	NONE	unchecked
manuscript_rpl	in the primary and S4 (+PROBABLE) with identical direction (OR≈0.35), indicating	0.35	conclusion	NONE	unchecked
manuscript_rpl	(ii) A chr9:115.9 Mb	115.9	conclusion	NONE	unchecked
manuscript_rpl	cluster intronic to the long non-coding RNA LINC00474 (nearest protein-coding gene	NONE	conclusion	NONE	unchecked
manuscript_rpl	emerged in S2 and peaked in S3, with lead SNP rs28446251 (OR=2.12, p=1.0e-7) and	2.12;1.0e-7	p-value	NONE	unchecked
manuscript_rpl	rs3037402 (OR=1.95, p=8.1e-7); rs28446251 also ranks #14 in the primary analysis at	1.95;8.1e-7;14	p-value	NONE	unchecked
manuscript_rpl	A CELSR2/PSRC1/SORT1 cluster at chr1:109.15 Mb appeared	109.15	conclusion	NONE	unchecked
manuscript_rpl	in S2 and S4 (OR≈2.0) and warrants cautious interpretation (vascular/lipid locus,	2.0	conclusion	NONE	unchecked
manuscript_rpl	Cross-study comparison: EMGM 2026 convergence	2026	conclusion	NONE	unchecked
manuscript_rpl	Key finding: A concurrent group (conference abstract, EMGM 2026;	2026	conclusion	NONE	unchecked
manuscript_rpl	sciencesconf.org:emgm2026:705467) independently identified rs3037402 as a genome-wide	705467	conclusion	NONE	unchecked
manuscript_rpl	significant RPL hit — the same SNP that ranks in our S2/S3 top clusters.	NONE	conclusion	NONE	unchecked
manuscript_rpl	The EMGM 2026 group studied 289 RPL cases (≥2 miscarriages/non-developing pregnancies	2026;289;2	conclusion	NONE	unchecked
manuscript_rpl	before 24 weeks) and 307 parous controls with no pregnancy loss, performing a GWAS	24;307	conclusion	NONE	unchecked
manuscript_rpl	of 7.7 million SNVs (MAC ≥ 20) using SAIGE under a generalised mixed model	7.7;20	conclusion	NONE	unchecked
manuscript_rpl	SNP | Position (reported) | Effect allele | EAF | OR (95% CI) | P | Locus described |	95%	statistic	NONE	unchecked
manuscript_rpl	rs3037402 | chr9 (GRCh38: 115,896,897) | C | 0.18 |	115,896,897;0.18	conclusion	NONE	unchecked
manuscript_rpl	2.50 (1.81–3.47) | 3.8×10−8 |	2.50;1.81;3.47;3.8×10−8	p-value	NONE	unchecked
manuscript_rpl	rs2032905 | chr19 (TSHZ3) | G | 0.53 |	0.53	conclusion	NONE	unchecked
manuscript_rpl	1.30 (1.01–1.66) | 0.039 |	1.30;1.01;1.66;0.039	conclusion	NONE	unchecked
manuscript_rpl	Established locus (Laisk et al. 2020) |	2020	conclusion	NONE	unchecked
manuscript_rpl	rs3037402 — chr9:115.9 Mb cluster (intronic LINC00474; near PAPPA): convergent evidence	115.9	conclusion	NONE	unchecked
manuscript_rpl	Study / run | SNP | Position (hg38) | Cases | Controls | A1 freq | OR (95% CI) | P |	95%	statistic	NONE	unchecked
manuscript_rpl	EMGM 2026 | rs3037402 | 9:115,896,897 | 289 | 307 | C / 0.18 |	2026;9;115,896,897;289;307;0.18	conclusion	NONE	unchecked
manuscript_rpl	2.50 (1.81–3.47) | 3.8e-8 |	2.50;1.81;3.47;3.8e-8	conclusion	NONE	unchecked
manuscript_rpl	This study (Primary) | rs28446251 (proxy) | 9:115,907,201 | 273 | 509 |	9;115,907,201;273;509	conclusion	NONE	unchecked
manuscript_rpl	0.152 | 2.19 (1.61–2.97) | 4.6e-7 (rank #14) |	0.152;2.19;1.61;2.97;4.6e-7;14	conclusion	NONE	unchecked
manuscript_rpl	This study (Primary) | rs3037402 | 9:115,896,897 | 273 | 509 |	9;115,896,897;273;509	conclusion	NONE	unchecked
manuscript_rpl	0.157 | 1.98 (1.48–2.65) | 4.4e-6 |	0.157;1.98;1.48;2.65;4.4e-6	conclusion	NONE	unchecked
manuscript_rpl	This study (S3) | rs28446251 | 9:115,907,201 | 392 | 509 |	9;115,907,201;392;509	conclusion	NONE	unchecked
manuscript_rpl	0.159 | 2.12 (1.61–2.80) | 1.0e-7 |	0.159;2.12;1.61;2.80;1.0e-7	conclusion	NONE	unchecked
manuscript_rpl	This study (S3) | rs3037402 | 9:115,896,897 | 392 | 509 |	9;115,896,897;392;509	conclusion	NONE	unchecked
manuscript_rpl	0.163 | 1.95 (1.49–2.54) | 8.1e-7 |	0.163;1.95;1.49;2.54;8.1e-7	p-value	NONE	unchecked
manuscript_rpl	This study (S2) | rs28446251 | 9:115,907,201 | 337 | 509 |	9;115,907,201;337;509	conclusion	NONE	unchecked
manuscript_rpl	0.156 | 2.08 (1.56–2.77) | 6.2e-7 |	0.156;2.08;1.56;2.77;6.2e-7	conclusion	NONE	unchecked
manuscript_rpl	Direction is concordant across all 6 datasets; allele	6	conclusion	NONE	unchecked
manuscript_rpl	frequencies cluster at 0.15–0.18.	0.15;0.18	statistic	NONE	unchecked
manuscript_rpl	Imputation R2 at the lead SNPs is 0.94–0.97	0.94;0.97	statistic	NONE	unchecked
manuscript_rpl	(verified from chr9.dose.vcf.gz), so imputation quality is not a contributor to	NONE	conclusion	chr9.dose.vcf.gz	unchecked
manuscript_rpl	Gene context (Ensembl-verified, GRCh38). rs3037402 (chr9:115,896,897) lies	115,896,897	conclusion	NONE	unchecked
manuscript_rpl	inside an intron of the long non-coding RNA LINC00474	NONE	conclusion	NONE	unchecked
manuscript_rpl	(chr9:115,839,214–115,925,720, minus strand).	115,839,214;115,925,720,	conclusion	NONE	unchecked
manuscript_rpl	PAPPA (pappalysin 1; chr9:116,153,791–116,402,321), located	1;116,153,791;116,402,321	conclusion	NONE	unchecked
manuscript_rpl	~257 kb downstream — consistent with the EMGM “near PAPPA”	257	conclusion	NONE	unchecked
manuscript_rpl	PAPPA cleaves IGFBP-4/-5 to release IGF-1/-2 for trophoblast invasion, which is a	4;-5;1;-2	conclusion	NONE	unchecked
manuscript_rpl	PAPPA from this distal lncRNA region or has an independent LINC00474-mediated	NONE	conclusion	NONE	unchecked
manuscript_rpl	uses PLINK2 v2.00a6LM Firth-hybrid logistic regression and removed only PI_HAT≥0.98	0.98	conclusion	PLINK2	unchecked
manuscript_rpl	duplicates (63 pairs, all removed pre-imputation); we did not screen	63	count	NONE	unchecked
manuscript_rpl	for 1st–3rd-degree cryptic relatedness in the analytic cohort.	1;3	conclusion	NONE	unchecked
manuscript_rpl	Marginal sample-size differential. 289 cases vs 273 cases is small but	289;273	conclusion	NONE	unchecked
manuscript_rpl	non-zero; combined with a possibly Winner’s-Curse-inflated EMGM OR (2.50 vs our	2.50	conclusion	NONE	unchecked
manuscript_rpl	2.12–2.19), the gap is fully explained without invoking method differences.	2.12;2.19	conclusion	NONE	unchecked
manuscript_rpl	Our primary uses ESHRE-strict <20 w;	20	conclusion	NONE	unchecked
manuscript_rpl	efficiency at rs3037402 is good in our data (R2=0.97).	0.97	statistic	NONE	unchecked
manuscript_rpl	rs2032905 — chr19 (intronic to TSHZ3-AS1;	NONE	conclusion	NONE	unchecked
manuscript_rpl	TSHZ3 ~65 kb upstream)	65	conclusion	NONE	unchecked
manuscript_rpl	EMGM report rs2032905-G as a nominal replication of the established TSHZ3 locus	NONE	conclusion	NONE	unchecked
manuscript_rpl	(Laisk et al. 2020): EAF=0.53, OR=1.30, P=0.039.	2020;0.53;1.30;0.039	p-value	NONE	unchecked
manuscript_rpl	GWAS confirms a directionally concordant nominal signal: G allele frequency 0.531	0.531	statistic	NONE	unchecked
manuscript_rpl	(matching theirs), OR=1.38 (1.09–1.75), P=0.0079 — stronger than	1.38;1.09;1.75;0.0079	p-value	NONE	unchecked
manuscript_rpl	list because P = 0.008 is far above the genome-wide-suggestive threshold of	0.008	p-value	NONE	unchecked
manuscript_rpl	Imputation R2=0.93 confirms good genotype quality.	0.93	statistic	NONE	unchecked
manuscript_rpl	Note: the SNP is intronic to TSHZ3-AS1 (the natural antisense lncRNA at	NONE	conclusion	NONE	unchecked
manuscript_rpl	chr19:31,348,590–31,427,302); the protein-coding TSHZ3 gene proper ends at	31,348,590;31,427,302	conclusion	NONE	unchecked
manuscript_rpl	31,349,436, ~65 kb upstream.	31,349,436,;65	conclusion	NONE	unchecked
manuscript_rpl	The independent EMGM convergence on rs3037402	NONE	conclusion	NONE	unchecked
manuscript_rpl	substantially strengthens the case for reporting the chr9:115.9 Mb cluster as a	115.9	conclusion	NONE	unchecked
manuscript_rpl	We recommend: (1) run a fixed-effects meta-analysis	1	conclusion	NONE	unchecked
manuscript_rpl	with EMGM (562 cases, 816 controls combined) once raw summary statistics are available;	562;816	conclusion	NONE	unchecked
manuscript_rpl	(2) run KING relatedness on our analytic cohort and a SAIGE primary GWAS as v2	2	conclusion	KING	unchecked
manuscript_rpl	(3) cite Laisk et al. 2020 + EMGM 2026 as independent	3;2020;2026	conclusion	NONE	unchecked
manuscript_rpl	evidence for the TSHZ3 locus and report our nominal replication (P=0.008) explicitly;	0.008	p-value	NONE	unchecked
manuscript_rpl	(4) pursue eQTL/colocalisation for both PAPPA and LINC00474 in	4	conclusion	NONE	unchecked
manuscript_rpl	meta-analysis (e.g., the next iteration of Kolte et al. 2020).	2020	conclusion	NONE	unchecked
manuscript_rpl	A suggestive locus on chr18 (near SOCS6) for replication.	NONE	conclusion	NONE	unchecked
manuscript_rpl	and the gene is not an obvious candidate, an OR of 0.35 at MAF 13% is biologically interesting	0.35;13%	statistic	NONE	unchecked
manuscript_rpl	Even Kolte et al. 2020, with ~10K cases, detected only two	2020,;10	conclusion	NONE	unchecked
manuscript_rpl	With 273 cases the minimum detectable OR at α=5×10−8 is	273;5×10−8	p-value	NONE	unchecked
manuscript_rpl	≥3 even for common variants.	3	conclusion	NONE	unchecked
manuscript_rpl	the historical thrombophilia literature is well documented (Sergi et al. 2014).	2014	conclusion	NONE	unchecked
manuscript_rpl	Sample size: 273 cases is below the threshold for de-novo locus discovery.	273	conclusion	NONE	unchecked
manuscript_rpl	FROH not included in primary model (planned for v2).	NONE	conclusion	NONE	unchecked
manuscript_rpl	Combine with the paired population-genomics paper (paper 1) for an integrated Central	1	conclusion	NONE	unchecked
manuscript_rpl	Recruit an additional cohort of ~500 cases through partner clinics.	500	conclusion	NONE	unchecked
manuscript_rpl	Kolte AM et al. 2020, Hum Reprod Open (preprint then published) — NEJM/HRO RPL GWAS meta-analysis ~10K cases |	2020,;10	conclusion	NONE	unchecked
manuscript_rpl	ESHRE Guideline (2017) Hum Reprod Open 2018(2):hoy004 |	2017;2018;2	conclusion	NONE	unchecked
manuscript_rpl	Laisk T et al. 2020, Nat Commun 11:5980 — spontaneous miscarriage GWAS in 50K cases (Estonian Biobank, FinnGen, UK Biobank) |	2020,;11;5980;50	conclusion	NONE	unchecked
manuscript_rpl	Steinthorsdottir V et al. 2016, Nat Genet 48:323 — pre-eclampsia GWAS |	2016,;48;323	conclusion	NONE	unchecked
manuscript_rpl	Sergi C et al. 2014, Hum Reprod Update 20:884 — thrombophilia + RPL meta-analysis |	2014,;20;884	conclusion	NONE	unchecked
manuscript_rpl	Practice Committee ASRM 2012, Fertil Steril 98:1103 — evaluation and treatment of RPL |	2012,;98;1103	conclusion	NONE	unchecked
manuscript_rpl	Liu X et al. 2021, Hum Reprod Update 27:1 — review of genetic factors in RPL |	2021,;27;1	conclusion	NONE	unchecked
manuscript_rpl	Christiansen OB et al. 2014 Fertil Steril 102:1654 — Danish RPL cohort design |	2014;102;1654	conclusion	NONE	unchecked
manuscript_rpl	Sirugo G et al. 2019, Cell 177:26 — missing diversity in human genetic studies |	2019,;177;26	conclusion	NONE	unchecked
manuscript_rpl	Mahajan A et al. 2022, Nat Genet 54:560 — T2D meta-analysis (1.4M) |	2022,;54;560;1.4	conclusion	NONE	unchecked
manuscript_rpl	Fertil Steril 102:1654.	102;1654.	conclusion	NONE	unchecked
manuscript_rpl	ESHRE Guideline Group on RPL (2017).	2017	conclusion	NONE	unchecked
manuscript_rpl	Hum Reprod Open 2018(2):hoy004.	2018;2	conclusion	NONE	unchecked
manuscript_rpl	Hum Reprod 30:495-498.	30;495;498.	conclusion	NONE	unchecked
manuscript_rpl	Hum Reprod Update 27:1.	27;1.	conclusion	NONE	unchecked
manuscript_rpl	Multi-ancestry genetic study of T2D.	NONE	conclusion	NONE	unchecked
manuscript_rpl	Practice Committee ASRM (2012).	2012	conclusion	NONE	unchecked
manuscript_rpl	Fertil Steril 98:1103.	98;1103.	conclusion	NONE	unchecked
manuscript_rpl	Am J Hum Genet 81:559.	81;559.	conclusion	NONE	unchecked
manuscript_rpl	Hum Reprod Update 20:884.	20;884.	conclusion	NONE	unchecked
manuscript_rpl	Sequencing of 50 human exomes reveals adaptation to high altitude.	50	conclusion	NONE	unchecked
manuscript_rpl	Step 15 (ROH/IBD covariates),	15	conclusion	NONE	unchecked
manuscript_rpl	Step 16 (GWAS execution & results).	16	conclusion	NONE	unchecked
manuscript_uzb	Pending rewrite (2026-10-02): The PBS candidate claims in this draft (section 2.5, 3.4) are withdrawn: the candidates were artefacts of the 1000 Genomes GRCh38 reference file and do not replicate on the NYGC 30x reference.	2026;10;02;2.5;3.4;1000;30	statistic	NONE	unchecked
manuscript_uzb	ADMIXTURE results quoted here (K=5, 3-way continental mixture, ethnicity not significant) come from deprecated runs; corrected results are on Step 11.	5,;3;11.	conclusion	ADMIXTURE	unchecked
manuscript_uzb	Population Genomics of Uzbeks: Genome-wide Insights from a 1,047-individual Cohort	1,047	conclusion	NONE	unchecked
manuscript_uzb	Manuscript draft — Population genetics of Central Asia (Paper 1 of 2)	1;2	conclusion	NONE	unchecked
manuscript_uzb	Abstract (250 words, structured)	250	conclusion	NONE	unchecked
manuscript_uzb	panels (1000 Genomes, gnomAD) contain few or no Uzbek samples, limiting variant frequency estimation,	1000	statistic	NONE	unchecked
manuscript_uzb	imputation accuracy, and clinical interpretation in this population of ~36 million.	36	conclusion	NONE	unchecked
manuscript_uzb	(Yunusbayev et al. 2012;	2012	conclusion	NONE	unchecked
manuscript_uzb	Jeong et al. 2019), but high-resolution autosomal data have not been published.	2019	conclusion	NONE	unchecked
manuscript_uzb	We genotyped 1,247 Uzbek individuals on a custom Illumina array, applied a multi-stage QC pipeline	1,247	conclusion	NONE	unchecked
manuscript_uzb	(sample missingness, IBD deduplication, variant call rate, HWE), imputed against the TOPMed r2	NONE	statistic	NONE	unchecked
manuscript_uzb	reference (Michigan Imputation Server, Eagle v2.4 + Minimac4), and merged the resulting 1,074-sample	1,074	conclusion	NONE	unchecked
manuscript_uzb	high-quality dataset with all 2,548 samples of the 1000 Genomes Phase 3 release.	2,548;1000;3	count	NONE	unchecked
manuscript_uzb	component analysis, ADMIXTURE (K=2–8), unsupervised sNMF (validation), pairwise Weir &	2;8	conclusion	ADMIXTURE; sNMF	unchecked
manuscript_uzb	with weighted FST=0.018 against SAS and 0.020 against EUR;	0.018;0.020	statistic	NONE	unchecked
manuscript_uzb	ADMIXTURE K=5 best partitions the global panel; within Uzbeks, K=2 is parsimonious and follows	5;2	conclusion	ADMIXTURE	unchecked
manuscript_uzb	a geographic East–West cline that explains 8.2% of variance.	8.2%	statistic	NONE	unchecked
manuscript_uzb	PBS analysis identifies 8 lead	8	statistic	NONE	unchecked
manuscript_uzb	variants (PBS ≥ 0.3) and 490 candidates after relaxation, enriching for HLA/MHC genes	0.3;490	statistic	NONE	unchecked
manuscript_uzb	(chr 6 — 33.7% of independent loci) and immune/metabolic functions; 5 are missense including	6;33.7%;5	statistic	NONE	unchecked
manuscript_uzb	damaging variants in SPI1 and SLC6A2.	NONE	conclusion	NONE	unchecked
manuscript_uzb	Median FROH=0.015, comparable	0.015	conclusion	NONE	unchecked
manuscript_uzb	Asian groups; only 0.08% of pairs exceed PI_HAT 0.0884.	0.08%;0.0884	statistic	NONE	unchecked
manuscript_uzb	Two narrative arcs to weave together: (1) Central Asia as a missing piece of the global genomic	1	conclusion	NONE	unchecked
manuscript_uzb	map, (2) the methodological case for adding Uzbeks specifically — geographic position, sample	2	conclusion	NONE	unchecked
manuscript_uzb	Karafet et al. 2018); autosomal SNP arrays are rarer.	2018	conclusion	NONE	unchecked
manuscript_uzb	Bergstrom et al. 2020),	2020	conclusion	NONE	unchecked
manuscript_uzb	Yunusbayev et al. 2012 (~600,000 SNPs across multiple Turkic groups, including a small Uzbek subset),	2012;600,000	count	NONE	unchecked
manuscript_uzb	and the SGDP (Mallick et al. 2016, single-digit Uzbek samples).	2016,	conclusion	NONE	unchecked
manuscript_uzb	The 1000 Genomes Phase 3 release contains no Uzbek samples; gnomAD v3.1 reports	1000;3	conclusion	NONE	unchecked
manuscript_uzb	Demographic weight: ~36 million people, the largest Central Asian nationality.	36	conclusion	NONE	unchecked
manuscript_uzb	Provide a publicly described 1,047-sample autosomal reference for Uzbeks at imputation-grade	1,047	conclusion	NONE	unchecked
manuscript_uzb	SNP density (post-imputation 9.9M well-imputed variants).	9.9	conclusion	NONE	unchecked
manuscript_uzb	DNA from 1,247 self-identified Uzbek volunteers was genotyped on the	1,247	conclusion	NONE	unchecked
manuscript_uzb	Quality control was performed in PLINK 1.9 (Chang et al. 2015):	1.9;2015	conclusion	PLINK	unchecked
manuscript_uzb	sample missingness > 0.20 (n=92 removed; 1,155 retained), IBD deduplication	0.20;92;1,155	count	NONE	unchecked
manuscript_uzb	(PI_HAT ≥ 0.98 for monozygotic / sample duplicates; 57 removed; 1,098 retained),	0.98;57;1,098	conclusion	NONE	unchecked
manuscript_uzb	SNP call rate < 0.10, MAF < 0.01, HWE p < 10−6	0.10;0.01;10;6	p-value	NONE	unchecked
manuscript_uzb	Eagle v2.4 phasing followed by Minimac4 imputation against TOPMed r2 was performed on the	NONE	statistic	NONE	unchecked
manuscript_uzb	Post-imputation we filtered on Rsq ≥ 0.3, MAF ≥ 0.01,	0.3;0.01	statistic	NONE	unchecked
manuscript_uzb	HWE p < 10−6 in controls, retaining 9,981,814 SNPs across 1,074 samples;	10;6;9,981,814;1,074	p-value	NONE	unchecked
manuscript_uzb	16 samples were lost to ID-merge failures and the final analytic dataset comprised 1,047	16;1,047	count	NONE	unchecked
manuscript_uzb	Variants were intersected by chromosomal position with the 1000 Genomes Phase 3 reference	1000;3	conclusion	NONE	unchecked
manuscript_uzb	(2,548 samples after liftover to GRCh38), restricted to overlapping bi-allelic SNPs and	2,548	count	NONE	unchecked
manuscript_uzb	LD-pruned (PLINK --indep-pairwise 50 5 0.2) yielding ~376,000 SNPs for ADMIXTURE	50;5;0.2;376,000	count	PLINK; ADMIXTURE	unchecked
manuscript_uzb	and ~88,000 for population statistics.	88,000	conclusion	NONE	unchecked
manuscript_uzb	PCA was computed with PLINK2; the first two PCs separate Uzbeks from EUR/SAS/EAS axes.	NONE	conclusion	PLINK2	unchecked
manuscript_uzb	ADMIXTURE 1.3 was run for K=2–8 with 10-fold cross-validation; sNMF (Frichot et al. 2014)	1.3;2;8;10;2014	conclusion	ADMIXTURE; sNMF	unchecked
manuscript_uzb	Within-Uzbek structure was assessed at K=2–5	2;5	conclusion	NONE	unchecked
manuscript_uzb	Pairwise Weir & Cockerham FST (Weir & Cockerham 1984) was estimated with	1984	statistic	NONE	unchecked
manuscript_uzb	PLINK --fst across 5 super-populations (UZB, EUR, EAS, SAS, AFR);	5	statistic	PLINK	unchecked
manuscript_uzb	MDS in 2 dimensions was computed on the FST distance matrix.	2	statistic	NONE	unchecked
manuscript_uzb	PBS (Yi et al. 2010) was computed with EUR and EAS as outgroups, treating Uzbek as the focal	2010	statistic	NONE	unchecked
manuscript_uzb	The 8 SNPs with PBS ≥ 0.3 (and 490 with PBS ≥ 0.15 after pruning) were annotated	8;0.3;490;0.15	count	NONE	unchecked
manuscript_uzb	with Ensembl VEP 110 against GENCODE 44 and cross-referenced to GTEx v8 eQTLs and the GWAS	110;44	conclusion	Ensembl VEP	unchecked
manuscript_uzb	ROH segments were called with PLINK --homozyg (window 50 SNPs, density 50 kb,	50;50	count	PLINK	unchecked
manuscript_uzb	(2,881,033 kb GRCh38).	2,881,033	conclusion	NONE	unchecked
manuscript_uzb	with PI_HAT > 0.0884 (loosely 3rd-degree relatives) were flagged.	0.0884;3	conclusion	NONE	unchecked
manuscript_uzb	Of 1,247 individuals genotyped, 1,074 passed all QC and 1,047 entered the final population-genetic	1,247;1,074;1,047	count	NONE	unchecked
manuscript_uzb	sex distribution and birthplace breakdown across 14 Uzbek administrative regions are given in	14	conclusion	NONE	unchecked
manuscript_uzb	Projected onto the 1000 Genomes PC space, Uzbeks form a tight cluster intermediate between	1000	conclusion	NONE	unchecked
manuscript_uzb	EUR and SAS along PC1, with mild spread along PC2 toward EAS.	NONE	conclusion	NONE	unchecked
manuscript_uzb	closest to SAS (0.018), then EUR (0.020), EAS (0.039), and AFR (0.060) — values within	0.018;0.020;0.039;0.060	conclusion	NONE	unchecked
manuscript_uzb	published ranges for between-continent comparisons (1000 Genomes Consortium 2015).	1000;2015	conclusion	NONE	unchecked
manuscript_uzb	[Insert Fig. 1: global PCA scatter;	1	conclusion	NONE	unchecked
manuscript_uzb	Fig. 2: FST heatmap + MDS]	2	statistic	NONE	unchecked
manuscript_uzb	Cross-validation supports K=5 as the most parsimonious global model	5	conclusion	NONE	unchecked
manuscript_uzb	(CVK=5=0.294, plateau through K=8).	5;0.294;8	conclusion	NONE	unchecked
manuscript_uzb	Within Uzbeks alone, K=2 is best (CV monotonically increases	2	conclusion	NONE	unchecked
manuscript_uzb	K=2→8); the K=2 Western component (Q1) varies smoothly across geographic regions and	2;8;2	conclusion	NONE	unchecked
manuscript_uzb	explains 8.2% of birthplace variance (ANOVA, p < 10−15),	8.2%;10;15	p-value	NONE	unchecked
manuscript_uzb	[Insert Fig. 3: stacked-bar ADMIXTURE plots K=2–5;	3;2;5	conclusion	ADMIXTURE	unchecked
manuscript_uzb	Fig. 4: Q1 vs birthplace boxplot]	4	conclusion	NONE	unchecked
manuscript_uzb	Eight lead variants had PBS ≥ 0.3 (Table 2).	0.3;2	statistic	NONE	unchecked
manuscript_uzb	(Step 13) the broader candidate set (PBS ≥ 0.15)	13;0.15	statistic	NONE	unchecked
manuscript_uzb	contained 401 independent loci across all 22 autosomes; 33.7% (135) localised to chr 6	401;22;33.7%;135;6	statistic	NONE	unchecked
manuscript_uzb	Five candidates were missense (SPI1, SLC6A2, TNXB, two further in HLA region);	NONE	conclusion	NONE	unchecked
manuscript_uzb	None of the 8 lead PBS variants had a prior GWAS Catalog or ClinVar	8	statistic	NONE	unchecked
manuscript_uzb	[Insert Fig. 5: PBS Manhattan;	5	statistic	NONE	unchecked
manuscript_uzb	Table 2: top 8 PBS candidates with annotation]	2;8	statistic	NONE	unchecked
manuscript_uzb	36,702 ROH segments ≥ 1 Mb were detected across 1,047 individuals; median FROH=0.015,	36,702;1;1,047;0.015	count	NONE	unchecked
manuscript_uzb	isolated Pakistani or Saudi cohorts (Pemberton et al. 2012).	2012	conclusion	NONE	unchecked
manuscript_uzb	PI_HAT > 0.0884 was observed for	0.0884	conclusion	NONE	unchecked
manuscript_uzb	only 0.08% of all pairs (428 of 547,581), supporting the use of an unrelated subset for GWAS.	0.08%;428;547,581	statistic	NONE	unchecked
manuscript_uzb	described in earlier sparse-marker studies (Yunusbayev et al. 2012;	2012	conclusion	NONE	unchecked
manuscript_uzb	Jeong et al. 2019) at	2019	conclusion	NONE	unchecked
manuscript_uzb	The proximity to South Asians (FST=0.018) is closer than the	0.018	statistic	NONE	unchecked
manuscript_uzb	consistent with archaeogenomic evidence of Indo-Iranian gene flow (Narasimhan et al. 2019).	2019	conclusion	NONE	unchecked
manuscript_uzb	inter-cluster human populations (Sabeti et al. 2007;	2007	conclusion	NONE	unchecked
manuscript_uzb	Bersaglieri et al. 2004) and consistent	2004	conclusion	NONE	unchecked
manuscript_uzb	The non-HLA candidates — SPI1	NONE	conclusion	NONE	unchecked
manuscript_uzb	(haematopoiesis), SLC6A2 (norepinephrine transporter), SLC6A3, TNXB	NONE	conclusion	NONE	unchecked
manuscript_uzb	1,047-sample LD-pruned PLINK BFILE for population genomic re-use (controlled access).	1,047	conclusion	PLINK	unchecked
manuscript_uzb	Per-variant allele frequency table for 9.9M imputed SNPs.	9.9	statistic	NONE	unchecked
manuscript_uzb	ADMIXTURE Q-matrices K=2–8 (whole-cohort and Uzbek-only).	2;8	conclusion	ADMIXTURE	unchecked
manuscript_uzb	populations of comparable size (5K–25K samples) but the analytic backbone scales to ~1K.	5;25;1	conclusion	NONE	unchecked
manuscript_uzb	Yunusbayev et al. 2012, Mol Biol Evol 29(1):359–65 |	2012,;29;1;359;65	conclusion	NONE	unchecked
manuscript_uzb	Jeong et al. 2019, Nature 569:374–9 |	2019,;569;374;9	conclusion	NONE	unchecked
manuscript_uzb	Narasimhan et al. 2019, Science 365:eaat7487 |	2019,;365	conclusion	NONE	unchecked
manuscript_uzb	Bergstrom et al. 2020, Science 367:eaay5012 (HGDP-WGS) |	2020,;367	conclusion	NONE	unchecked
manuscript_uzb	54 worldwide populations including Uzbeks & Uyghurs |	54	conclusion	NONE	unchecked
manuscript_uzb	Mallick et al. 2016, Nature 538:201–6 (SGDP) |	2016,;538;201;6	conclusion	NONE	unchecked
manuscript_uzb	300 individuals, 142 populations |	300;142	count	NONE	unchecked
manuscript_uzb	Pemberton et al. 2012, Am J Hum Genet 91:275–92 |	2012,;91;275;92	conclusion	NONE	unchecked
manuscript_uzb	Karafet et al. 2018, Hum Genet 137:175–87 |	2018,;137;175;87	conclusion	NONE	unchecked
manuscript_uzb	1000 Genomes Consortium 2015, Nature 526:68–74 |	1000;2015,;526;68;74	conclusion	NONE	unchecked
manuscript_uzb	2,504 individuals, 26 populations |	2,504;26	count	NONE	unchecked
manuscript_uzb	Reich et al. 2009, Nature 461:489–94 |	2009,;461;489;94	conclusion	NONE	unchecked
manuscript_uzb	Insights into human genetic variation and population history from 929 diverse genomes.	929	conclusion	NONE	unchecked
manuscript_uzb	Science 367(6484):eaay5012.	367;6484	conclusion	NONE	unchecked
manuscript_uzb	Am J Hum Genet 74(6):1111-1120.	74;6;1111;1120.	conclusion	NONE	unchecked
manuscript_uzb	Genetics 196:973-983.	196;973;983.	conclusion	NONE	unchecked
manuscript_uzb	Nat Ecol Evol 3:966-976.	3;966;976.	conclusion	NONE	unchecked
manuscript_uzb	J Hum Genet 60:181-192.	60;181;192.	conclusion	NONE	unchecked
manuscript_uzb	The Simons Genome Diversity Project: 300 genomes from 142 diverse populations.	300;142	conclusion	NONE	unchecked
manuscript_uzb	Science 365:eaat7487.	365	conclusion	NONE	unchecked
manuscript_uzb	Am J Hum Genet 91:275-292.	91;275;292.	conclusion	NONE	unchecked
manuscript_uzb	Weir BS & Cockerham CC (1984).	1984	conclusion	NONE	unchecked
manuscript_uzb	Evolution 38:1358-1370.	38;1358;1370.	conclusion	NONE	unchecked
manuscript_uzb	PNAS 98:10244-10249.	98;10244;10249.	conclusion	NONE	unchecked
manuscript_uzb	Sequencing of 50 human exomes reveals adaptation to high altitude.	50	conclusion	NONE	unchecked
manuscript_uzb	Mol Biol Evol 29:359-365.	29;359;365.	conclusion	NONE	unchecked
manuscript_uzb	1000 Genomes Project Consortium (2015).	1000;2015	conclusion	NONE	unchecked
manuscript_uzb	Steps 1–6 (QC), Steps 7–8 (PCA),	1;6;7;8	conclusion	NONE	unchecked
manuscript_uzb	Steps 9–10 (FST/PBS), Step 11 (ADMIXTURE),	9;10;11	statistic	ADMIXTURE	unchecked
manuscript_uzb	Step 12 (annotation), Step 13 (LD),	12;13	conclusion	NONE	unchecked
manuscript_uzb	Step 14 (heatmap/MDS), Step 15 (ROH/IBD).	14;15	conclusion	NONE	unchecked
next_steps	Correction (2026-10-02): The statements on this page that self-reported ethnicity is non-significant or “not a confounder” are withdrawn.	2026;10;02	conclusion	NONE	unchecked
next_steps	Re-tested by sample ID (K=2, 1,026 matched samples): ethnicity is strongly associated with the ancestry components (Kruskal–Wallis p≈6e-46; mean Q1: Russian 0.94, Tatar 0.80, Tajik 0.69, Uzbek 0.58, Kazakh 0.38, Korean 0.08).	2,;1,026;6e-46;0.94;0.80;0.69;0.58;0.38	conclusion	NONE	unchecked
next_steps	Within self-reported Uzbeks (n=811) the components are tightly clustered (SD 0.10) but still differ by birthplace (p≈2e-23; highest Fergana and Karakalpakstan, lowest Jizzakh).	811;0.10;2e-23	count	NONE	unchecked
next_steps	Re-run on the NYGC 30x GRCh38 reference (1,047 Uzbek + 2,712 reference samples EUR/EAS/SAS/AFR, AMR not included; 60,019 LD-pruned SNPs after removing strand-ambiguous and long-range-LD SNPs; 3 seeds, K=2–8): ethnicity is significant at every K (p fr	30;1,047;2,712;60,019;3;2;8	conclusion	NONE	unchecked
next_steps	At K=4 Uzbeks are about 50% European-like, 30% East Asian-like, 19% South Asian-like.	4;50%;30%;19%	statistic	NONE	unchecked
next_steps	At K=7 about half of the Uzbek ancestry is assigned to a component that no reference population carries, so the “three-way continental mixture” description depends on K and the reference panel lacks Central Asian populations.	7	conclusion	NONE	unchecked
next_steps	Numbers elsewhere on this page that come from the earlier run (SNP counts, K=5 as the final choice, the 56 non-significant tests) are superseded.	5;56	conclusion	NONE	unchecked
next_steps	CURRENT STATUS (2026-10-02)	2026;10;02	conclusion	NONE	unchecked
next_steps	After the reference correction (NYGC 30x GRCh38 instead of the 1000G GRCh38 batch-affected file) and the ethnicity-join fix:	30;1000	conclusion	NONE	unchecked
next_steps	Selection (PBS): the earlier candidates do not replicate on NYGC 30x.	30	statistic	NONE	unchecked
next_steps	A first set of new peaks was an artefact of single-base extraction at repeat/indel sites; after excluding sites with overlapping indel, multiallelic or SV records, no Tier 1–3 candidate remains (maximum PBS 0.07).	1;3;0.07	statistic	NONE	unchecked
next_steps	Ancestry: Uzbeks at K=4 are about 50% European-like, 30% East Asian-like, 19% South Asian-like.	4;50%;30%;19%	statistic	NONE	unchecked
next_steps	CV error has no clear minimum (elbow K=4–5);	4;5	conclusion	NONE	unchecked
next_steps	K=7 gives an Uzbek-specific component, so the number of components and the mixture description depend on K and on the reference panel (no Central Asian references).	7	conclusion	NONE	unchecked
next_steps	Results are the same for 1,047 and 1,256 samples.	1,047;1,256	count	NONE	unchecked
next_steps	Covariates for the GWAS: self-reported ethnicity and birthplace are both strongly associated with ancestry components; the Uzbek-only PCs used as covariates are unaffected by the reference correction and capture the main ancestry components and birth	NONE	conclusion	NONE	unchecked
next_steps	pending update Sections 1–3 below describe the deprecated old runs and are kept for the record; sections 4–6 have not yet been revised for the corrected reference and covariate findings.	1;3;4;6	conclusion	NONE	unchecked
next_steps	DEPRECATED: sections 1–3 describe old runs.	1;3	conclusion	NONE	unchecked
next_steps	Completed core pipeline (Steps 1–16):	1;16	conclusion	NONE	unchecked
next_steps	PCA: Uzbek-internal + global (1000 Genomes) — Uzbek sits on EUR–EAS cline	1000	conclusion	NONE	unchecked
next_steps	FST: UZB equidistant from SAS and EUR (0.014), then EAS (0.039)	0.014;0.039	statistic	NONE	unchecked
next_steps	ADMIXTURE K=2–8: Uzbek-only K=2 optimal (CV monotonically increases);	2;8;2	conclusion	ADMIXTURE	unchecked
next_steps	Global K=5–8 plateau (CV=0.294, with all 2,548 1000G)	5;8;0.294;2,548;1000	conclusion	NONE	unchecked
next_steps	PBS multi-population analysis: 8 Uzbek-specific variants, all with PBS ≥ 0.3.	8;0.3	statistic	NONE	unchecked
next_steps	LD pruning: 5.41M → 88.7K independent SNPs for population genetics	5.41;88.7	conclusion	NONE	unchecked
next_steps	ROH & IBD: 36,702 ROH segments, median FROH=0.015. 6,368 related pairs (PI_HAT ≥ 0.05), 428 related (PI_HAT > 0.0884).	36,702;0.015;6,368;0.05;428;0.0884	conclusion	NONE	unchecked
next_steps	RPL GWAS: primary run complete (273 cases / 509 controls, 9,920,030 SNPs, λGC=0.978, 0 genome-wide significant, 198 suggestive).	273;509;9,920,030;0.978;0;198	count	NONE	unchecked
next_steps	Sensitivity GWAS: four alternate definitions complete (S1–S4), λGC=0.857–1.021; all-tier Manhattan/QQ page built.	0.857;1.021	conclusion	NONE	unchecked
next_steps	Lead-locus deep dives: chr18 multi-population LD page published; chr15 and chr9 functional pages plus interim LD-decay pages are available from Step 16	16	conclusion	NONE	unchecked
next_steps	Highest-value technical gap: run FROH and mixed-model sensitivity checks, then finish chr15/chr9 dense regional LD heatmaps to match the published chr18 page.	NONE	conclusion	NONE	unchecked
next_steps	That is obsolete: those tasks are complete and documented in Step 16.	16.	conclusion	NONE	unchecked
next_steps	The GWAS result is well calibrated but underpowered for definitive discovery: there are no p<5×10−8 hits.	5×10−8	p-value	NONE	unchecked
next_steps	Use “suggestive locus” language for chr18, chr15, and chr9 unless replication/meta-analysis moves a signal across the threshold.	NONE	conclusion	NONE	unchecked
next_steps	The primary model used AGE, BMI, PC1–PC3.	NONE	conclusion	NONE	unchecked
next_steps	Q1 was dropped for collinearity with PC1;	NONE	conclusion	NONE	unchecked
next_steps	A v2 covariate rerun remains important before submission.	NONE	conclusion	NONE	unchecked
next_steps	chr18 has a full multi-population heatmap. chr15 and chr9 currently have interim LD-decay visualizations; do not describe them as chr18-equivalent heatmaps until dense regional matrices are generated.	NONE	conclusion	NONE	unchecked
next_steps	Evanno ΔK Correction (Evanno et al. 2005)	2005	conclusion	NONE	unchecked
next_steps	Reference: Evanno G, Regnaut S, Goudet J (2005).	2005	conclusion	NONE	unchecked
next_steps	Molecular Ecology, 14(8), 2611–2620. doi:10.1111/j.1365-294X.2005.02553.x	14;8;2611;2620.;10.1111;294	conclusion	NONE	unchecked
next_steps	L′(K) = L(K) − L(K−1) (first derivative: rate of improvement)	1	conclusion	NONE	unchecked
next_steps	|L″(K)| = |L(K+1) − 2·L(K) + L(K−1)| (second derivative: where improvement plateaus)	1;2;1	conclusion	NONE	unchecked
next_steps	The |L″(K)| peaks sharply at K=3 (143,051 vs. 5,464–34,278 for K=4–7).	3;143,051;5,464;34,278;4;7	conclusion	NONE	unchecked
next_steps	In the Evanno framework, this means the largest “elbow” in likelihood improvement occurs when going from K=2 to K=3 — the most informative split is the transition from 2 to 3 components.	2;3;2;3	conclusion	NONE	unchecked
next_steps	The global dataset Evanno analysis uses 10 replicates per K (see Step 11 §3.1)	10;11;3.1	conclusion	NONE	unchecked
next_steps	CV error forms a plateau at K=5–8 with K=5 as most parsimonious.	5;8;5	conclusion	NONE	unchecked
next_steps	Bottom line: CV error (minimum at K=2) and the Evanno second derivative (peak at K=3) give slightly different answers: CV favours K=2 as best-fitting, while the Evanno |L″(K)| peak at K=3 indicates the sharpest structural break occurs when adding a 3	2;3;2;3;3	conclusion	NONE	unchecked
next_steps	A natural reconciliation is that K=2 captures the dominant ancestry structure (Western vs.	2	conclusion	NONE	unchecked
next_steps	Eastern Eurasian), while K=3 adds a minor component that does not significantly improve model fit.	3	conclusion	NONE	unchecked
next_steps	ROH analysis completed on 1,047 post-QC Uzbek samples (5,405,898 SNPs). 36,702 ROH segments detected.	1,047;5,405,898;36,702	count	NONE	unchecked
next_steps	Median FROH = 0.015.	0.015	conclusion	NONE	unchecked
next_steps	See Step 15 for full results.	15	conclusion	NONE	unchecked
next_steps	IBD analysis (PLINK --genome, 1,047 post-QC samples) identified 6,368 related pairs (PI_HAT ≥ 0.05),	1,047;6,368;0.05	path	PLINK	unchecked
next_steps	of which 428 are related at PI_HAT > 0.0884: 0 duplicates, 3 first-degree, 2 second-degree, and 423 third-degree relatives.	428;0.0884;0;3;2;423	conclusion	NONE	unchecked
next_steps	A v2 covariate rerun and a mixed-model sensitivity check (SAIGE / REGENIE / GCTA-LOCO) remain important because the cohort has extensive cryptic relatedness.	NONE	conclusion	NONE	unchecked
next_steps	✓ Validation Complete — 1,007 / 1,047 genotyped samples matched to phenotype covariates (96.2% match rate).	1,007;1,047;96.2%	statistic	NONE	unchecked
next_steps	Ethnicity | N | Mean Q1 (Western) | Mean Q2 (Eastern) | SD |	NONE	conclusion	NONE	unchecked
next_steps	Uzbek | 807 | 0.652 | 0.348 | 0.149 |	807;0.652;0.348;0.149	conclusion	NONE	unchecked
next_steps	Russian | 35 | 0.653 | 0.347 | 0.163 |	35;0.653;0.347;0.163	conclusion	NONE	unchecked
next_steps	Tajik | 31 | 0.660 | 0.340 | 0.126 |	31;0.660;0.340;0.126	conclusion	NONE	unchecked
next_steps	Tatar | 31 | 0.662 | 0.338 | 0.115 |	31;0.662;0.338;0.115	conclusion	NONE	unchecked
next_steps	Korean | 22 | 0.561 | 0.439 | 0.201 |	22;0.561;0.439;0.201	conclusion	NONE	unchecked
next_steps	Kazakh | 17 | 0.657 | 0.343 | 0.108 |	17;0.657;0.343;0.108	conclusion	NONE	unchecked
next_steps	Karakalpak | 5 | 0.689 | 0.311 | 0.154 |	5;0.689;0.311;0.154	conclusion	NONE	unchecked
next_steps	Unknown/NA | 51 | 0.632 | 0.368 | 0.189 |	51;0.632;0.368;0.189	conclusion	NONE	unchecked
next_steps	Other (n≤4 each) | 39 | Uyghur, Kyrgyz, Armenian, Ukrainian, Chinese, Afghan, etc. |	4;39	conclusion	NONE	unchecked
next_steps	K=2 by ethnicity: significant (corrected by sample ID, p≈1e-23; the earlier p=0.345 came from a sample-matching error).	2;1e-23;0.345	p-value	NONE	unchecked
next_steps	However, at K=3: HIGHLY significant (H=68.88, p=6.67×10−8, η²=0.115) — the third component differentiates Koreans and Chinese (higher Q3) from the Uzbek/Tajik/Tatar core, matching the expected East Asian affinity.	3;68.88;6.67×10−8,;0.115	p-value	NONE	unchecked
next_steps	Region | N | Q1 (Western) | Q2 (Eastern) |	NONE	conclusion	NONE	unchecked
next_steps	Fergana | 30 | 0.724 | 0.276 |	30;0.724;0.276	conclusion	NONE	unchecked
next_steps	Karakalpakstan | 42 | 0.704 | 0.296 |	42;0.704;0.296	conclusion	NONE	unchecked
next_steps	Tashkent city | 449 | 0.671 | 0.329 |	449;0.671;0.329	conclusion	NONE	unchecked
next_steps	Namangan | 18 | 0.661 | 0.339 |	18;0.661;0.339	conclusion	NONE	unchecked
next_steps	Samarkand | 49 | 0.656 | 0.345 |	49;0.656;0.345	conclusion	NONE	unchecked
next_steps	Kashkadarya | 57 | 0.642 | 0.358 |	57;0.642;0.358	conclusion	NONE	unchecked
next_steps	Navoi | 26 | 0.642 | 0.358 |	26;0.642;0.358	conclusion	NONE	unchecked
next_steps	Syrdarya | 30 | 0.629 | 0.371 |	30;0.629;0.371	conclusion	NONE	unchecked
next_steps	Tashkent region | 154 | 0.616 | 0.385 |	154;0.616;0.385	conclusion	NONE	unchecked
next_steps	Khorezm | 12 | 0.605 | 0.395 |	12;0.605;0.395	conclusion	NONE	unchecked
next_steps	Andijan | 18 | 0.572 | 0.428 |	18;0.572;0.428	conclusion	NONE	unchecked
next_steps	Jizzakh | 83 | 0.569 | 0.431 |	83;0.569;0.431	conclusion	NONE	unchecked
next_steps	Russia (born) | 3 | 0.966 | 0.034 |	3;0.966;0.034	conclusion	NONE	unchecked
next_steps	K=2 by birthplace: HIGHLY significant (Kruskal-Wallis H=145.41, p=1.93×10−22, η²=0.082).	2;145.41;1.93×10−22,;0.082	p-value	NONE	unchecked
next_steps	The Q2 (Eastern) ancestry proportion varies from 27.6% (Fergana) to 43.1% (Jizzakh) — a 15.5 percentage-point spread across regions.	27.6%;43.1%;15.5	statistic	NONE	unchecked
next_steps	Tier | Regions | Q1 (Western) | Q2 (Eastern) | Historical context |	NONE	conclusion	NONE	unchecked
next_steps	Fergana (n=30)Karakalpakstan (n=42) |	30;42	count	NONE	unchecked
next_steps	Tashkent city (n=449)Samarkand (n=49)Kashkadarya (n=57)Navoi (n=26) |	449;49;57;26	count	NONE	unchecked
next_steps	Andijan (n=18)Jizzakh (n=83) |	18;83	count	NONE	unchecked
next_steps	15.5% spread in Eastern ancestry (Q2: 27.6%–43.1%) across regions within a single country — a substantial intra-national genetic structure	15.5%;27.6%;43.1%	statistic	NONE	unchecked
next_steps	η²=0.082 means birthplace explains ~8.2% of the variance in ancestry proportions — a modest but highly significant effect	0.082;8.2%	statistic	NONE	unchecked
next_steps	Concordance Summary (K=2)	2	conclusion	NONE	unchecked
next_steps	Korean (n=22) | Higher Eastern | Q2=0.44 (highest) | ✓ Yes |	22;0.44	count	NONE	unchecked
next_steps	Chinese (n=4) | Higher Eastern | Q2=0.52 | ✓ Yes |	4;0.52	count	NONE	unchecked
next_steps	Russian (n=35) | Higher Western | Q1=0.65 (same as Uzbek) | ~ Weak |	35;0.65	count	NONE	unchecked
next_steps	Tajik (n=31) | Higher Western (Indo-Iranian) | Q1=0.66 (same as Uzbek) | ~ Weak |	31;0.66	count	NONE	unchecked
next_steps	Uzbek (n=807) | Mixed admixed | Q1=0.65, Q2=0.35 | ✓ Yes |	807;0.65;0.35	count	NONE	unchecked
next_steps	At K=2, this cohort’s two components capture a geographic signal (birthplace) rather than ethnicity — consistent with a Silk Road admixture cline	2,	conclusion	admixture	unchecked
next_steps	East Asian minorities (Korean, Chinese) do show higher Eastern ancestry, confirming the biological meaning of the Q2 component	NONE	conclusion	NONE	unchecked
next_steps	Russians/Tajiks are not distinguishable from Uzbeks at K=2 — because most are long-term residents who have admixed into the local gradient.	2	conclusion	NONE	unchecked
next_steps	The completed global ADMIXTURE with 1000G references confirms that birthplace remains stronger than self-reported ethnicity for this cohort	1000	conclusion	ADMIXTURE	unchecked
next_steps	Global ADMIXTURE with 1000 Genomes References	1000	conclusion	ADMIXTURE	unchecked
next_steps	3,595 samples (1,047 Uzbek + 2,548 1000G Phase 3) × 77,111 LD-pruned SNPs (winter 2025).	3,595;1,047;2,548;1000;3;77,111;2025	count	NONE	unchecked
next_steps	Spring 2026 re-analysis (Step 11) used 60,279 SNPs; a further corrected re-run applying	2026;11;60,279	count	NONE	unchecked
next_steps	ambiguous SNP removal (B2) and long-range LD exclusion (B4) is in progress,	NONE	conclusion	NONE	unchecked
next_steps	targeting 168,711 SNPs.	168,711	count	NONE	unchecked
next_steps	See Step 11 for current results.	11	conclusion	NONE	unchecked
next_steps	AFR | YRI, LWK, GWD, MSL, ESN, ACB, ASW | 671 |	671	conclusion	NONE	unchecked
next_steps	EUR | CEU, GBR, FIN, IBS, TSI | 522 |	522	conclusion	NONE	unchecked
next_steps	SAS | GIH, PJL, BEB, STU, ITU | 492 |	492	conclusion	NONE	unchecked
next_steps	EAS | CHB, JPT, CHS, CDX, KHV | 515 |	515	conclusion	NONE	unchecked
next_steps	AMR | MXL, PUR, CLM, PEL | 348 |	348	conclusion	NONE	unchecked
next_steps	UZB | Uzbek cohort | 1,047 |	1,047	conclusion	NONE	unchecked
next_steps	K | 2 | 3 | 4 | 5 | 6 | 7 | 8 |	2;3;4;5;6;7;8	conclusion	NONE	unchecked
next_steps	CV | 0.310 | 0.300 | 0.297 | 0.295 | 0.295 | 0.294 | 0.294 |	0.310;0.300;0.297;0.295;0.295;0.294;0.294	conclusion	NONE	unchecked
next_steps	K=5–8 plateau (CV difference <0.1%).	5;8;0.1%	statistic	NONE	unchecked
next_steps	K=5 most parsimonious;	5	conclusion	NONE	unchecked
next_steps	K=8 nominal minimum (0.29422).	8;0.29422	conclusion	NONE	unchecked
next_steps	Re-ran validate_admixture_covariates.py --global on 1,007 matched Uzbek samples (of 1,047 genotyped; 96.2% match rate to phenotype covariates):	1,007;1,047;96.2%	statistic	validate_admixture_covariates.py	unchecked
next_steps	Covariate | Test | K=2 | K=3 | K=4 | K=5 | K=6 | K=7 | K=8 |	2;3;4;5;6;7;8	conclusion	NONE	unchecked
next_steps	Key finding (corrected 2026-10-02): self-reported ethnicity is strongly associated with the ancestry components at every K (sample-ID join; p down to 1e-46).	2026;10;02;1e-46	p-value	NONE	unchecked
next_steps	See Step 11 for full interactive visualization of global ADMIXTURE results.	11	conclusion	ADMIXTURE	unchecked
next_steps	Requirements: Phased data (from Step 4 BEAGLE output) + reference panels (EUR and EAS from 1000 Genomes)	4;1000	conclusion	NONE	unchecked
next_steps	IBD analysis (PLINK --genome) completed on post-QC dataset (1,047 samples, 88,722 LD-pruned SNPs; 547,581 pairwise comparisons).	1,047;88,722;547,581	count	PLINK	unchecked
next_steps	6,368 related pairs (PI_HAT ≥ 0.05); 428 at PI_HAT > 0.0884: 0 duplicates, 3 first-degree, 2 second-degree, 423 third-degree	6,368;0.05;428;0.0884;0;3;2;423	conclusion	NONE	unchecked
next_steps	Cross-reference with ADMIXTURE K=2 (Q1 mean=0.650, Q2 mean=0.350) shows FROH is slightly elevated at ancestry extremes, consistent with subgroup endogamy	2;0.650;0.350	conclusion	ADMIXTURE	unchecked
next_steps	⚠ Note: The annotation below is from the initial run (490 candidates).	490	conclusion	NONE	unchecked
next_steps	reduced the candidate set to 8 variants (see Step 12).	8;12	count	NONE	unchecked
next_steps	Re-annotation of these 8 variants	8	count	NONE	unchecked
next_steps	All 490 Uzbek-specific SNPs annotated via Ensembl VEP REST API (27 fields per SNP).	490;27	conclusion	Ensembl VEP	unchecked
next_steps	350/490 SNPs mapped to 264 unique genes	350;490;264	count	NONE	unchecked
next_steps	5 missense variants (4 potentially damaging by SIFT/PolyPhen): SPI1, TNXB, SLC6A2, ATL2	5;4	conclusion	NONE	unchecked
next_steps	HLA/MHC region over-represented: 135 chr6 SNPs (33.7%)	135;33.7%	count	NONE	unchecked
next_steps	Requires phased data (BEAGLE, Step 4)	4	conclusion	NONE	unchecked
next_steps	DAPC (Jombart et al., 2010) is a model-free alternative to ADMIXTURE that combines PCA with Linear Discriminant Analysis.	2010	conclusion	ADMIXTURE	unchecked
next_steps	Run PCA to reduce dimensionality (retain ~40 PCs covering ≥80% variance)	40;80%	statistic	NONE	unchecked
next_steps	grp <- find.clusters(gl, max.n.clust=10, n.pca=100)	10,;100	conclusion	NONE	unchecked
next_steps	dapc_result <- dapc(gl, grp$grp, n.pca=40, n.da=5)	40,;5	conclusion	NONE	unchecked
next_steps	For our data: Since the Uzbek cohort is admixed (not discrete clusters), DAPC may show a continuous cline rather than distinct groups — similar to what ADMIXTURE K=2 shows.	2	conclusion	ADMIXTURE	unchecked
next_steps	DAPC is most informative as a complement to ADMIXTURE: if both methods agree on 2 components, this is robust evidence.	2	conclusion	ADMIXTURE	unchecked
next_steps	Several ways to visualize the FST matrix (from Step 9; see Step 14 for the full interactive version):	9;14	statistic	NONE	unchecked
next_steps	0.0000, 0.0144, 0.0145, 0.0393, 0.1293,	0.0000;0.0144;0.0145;0.0393;0.1293	conclusion	NONE	unchecked
next_steps	0.0144, 0.0000, 0.0310, 0.0564, 0.1282,	0.0144;0.0000;0.0310;0.0564;0.1282	conclusion	NONE	unchecked
next_steps	0.0145, 0.0310, 0.0000, 0.0845, 0.1393,	0.0145;0.0310;0.0000;0.0845;0.1393	conclusion	NONE	unchecked
next_steps	0.0393, 0.0564, 0.0845, 0.0000, 0.1650,	0.0393;0.0564;0.0845;0.0000;0.1650	conclusion	NONE	unchecked
next_steps	0.1293, 0.1282, 0.1393, 0.1650, 0.0000	0.1293;0.1282;0.1393;0.1650;0.0000	conclusion	NONE	unchecked
next_steps	Project the FST distance matrix into 2D space:	2	statistic	NONE	unchecked
next_steps	mds <- cmdscale(as.dist(fst_matrix), k=2)	2	statistic	NONE	unchecked
next_steps	"plot(mds, pch=19, cex=2, xlab=""Dim 1"", ylab=""Dim 2"","	19,;2,;1;2	conclusion	NONE	unchecked
next_steps	text(mds, labels=rownames(mds), pos=3)	3	conclusion	NONE	unchecked
next_steps	K=2 structure: Most individuals fall on a smooth gradient from ~100% Western to ~100% Eastern, with the majority around 65/35.	2;100%;100%;65;35.	statistic	NONE	unchecked
next_steps	Mark individuals with >95% single component |	95%	statistic	NONE	unchecked
next_steps	Divide into 4 bins by K=2 Component 1 proportion |	4;2;1	conclusion	NONE	unchecked
next_steps	Instead, use the continuous K=2 ancestry proportion (Q1) as a covariate in logistic regression.	2	conclusion	NONE	unchecked
next_steps	logit(RPL) ~ SNP + AGE + BMI + PC1 + PC2 + PC3, run with PLINK2 Firth-hybrid logistic regression on the post-imputation BFILE.	NONE	conclusion	PLINK2	unchecked
next_steps	Q1 ancestry was excluded because it was collinear with PC1;	NONE	conclusion	NONE	unchecked
next_steps	FROH remains a planned v2 covariate.	NONE	conclusion	NONE	unchecked
next_steps	Primary | 273 / 509 | 0.978 | 198 | chr18:70.49 Mb NETO1/SOCS6 region, rs4891860, OR≈0.35, p=3.2×10−7 |	273;509;0.978;198;70.49;0.35;3.2×10−7	p-value	NONE	unchecked
next_steps	S1 strict ≥3 | 97 / 509 | 0.857 | 123 | chr11:88.22 Mb rs9666550, OR≈2.8, p=5.7×10−7 |	3;97;509;0.857;123;88.22;2.8;5.7×10−7	p-value	NONE	unchecked
next_steps	S2 +REVIEW | 337 / 509 | 1.003 | 66 | chr1:109.15 Mb CELSR2/PSRC1/SORT1, rs594626, OR≈2.0, p=4.18×10−7 |	337;509;1.003;66;109.15;2.0;4.18×10−7	p-value	NONE	unchecked
next_steps	S3 +GRAY | 392 / 509 | 1.021 | 52 | chr9:115.91 Mb LINC00474 / near PAPPA, rs28446251, OR≈2.1, p=1.0×10−7 |	392;509;1.021;52;115.91;2.1;1.0×10−7	p-value	NONE	unchecked
next_steps	S4 +PROBABLE | 291 / 512 | 0.984 | 95 | chr1:109.15 Mb plus replicated chr18 protective cluster, rs4243323 p=2.9×10−7 |	291;512;0.984;95;109.15;2.9×10−7	p-value	NONE	unchecked
next_steps	Full results: Step 16 GWAS hub and	16	conclusion	NONE	unchecked
next_steps	None of the five GWAS runs reaches p<5×10−8.	5×10−8.	p-value	NONE	unchecked
next_steps	Strongest current signal: chr18 protective cluster is robust in primary and S4; chr9 has the largest risk effect and a strong LINC00474/PAPPA biological link; chr15 provides a compact multi-allelic KLF13/lncRNA-region candidate.	NONE	conclusion	NONE	unchecked
next_steps	chr18:70.5 MbNETO1 / lncRNA / SOCS6 region |	70.5	conclusion	NONE	unchecked
next_steps	Protective cluster, primary + S4 robust; multi-population LD heatmap published |	NONE	conclusion	NONE	unchecked
next_steps	Conditional analysis and SOCS6/JAK-STAT functional plausibility check |	NONE	conclusion	NONE	unchecked
next_steps	chr9:115.9 MbLINC00474 / near PAPPA |	115.9	conclusion	NONE	unchecked
next_steps	S3-enriched; dense UZB/EUR/SAS LD heatmap published |	NONE	conclusion	NONE	unchecked
next_steps	chr15:31.3 MbKLF13 / lncRNA-rich interval |	31.3	conclusion	NONE	unchecked
next_steps	FROH covariate rerun: join Step 15 FROH to the GWAS covariate table and rerun the primary model plus the most informative sensitivity tier.	15	conclusion	NONE	unchecked
next_steps	Mixed-model sensitivity: run SAIGE or REGENIE on the primary phenotype to verify that chr18 / chr9 / chr15 effect directions survive relatedness-aware modelling.	NONE	conclusion	NONE	unchecked
next_steps	Conditional analyses: test whether chr18 is one signal and whether chr15 contains multiple independent allelic effects.	NONE	conclusion	NONE	unchecked
next_steps	Dense regional LD: finish chr15 and chr9 PLINK2 regional LD extraction; current pages are decay summaries, not full heatmaps.	NONE	conclusion	PLINK2	unchecked
next_steps	(for example: MTHFR rs1801133 p=0.66, Factor V Leiden rs6025 p=0.87, F2 rs1799963 p=0.66;	0.66;0.87;0.66	p-value	NONE	unchecked
next_steps	SERPINE1/PAI-1 rs1799889 was not available in the dataset).	1	conclusion	NONE	unchecked
next_steps	The publishable use is now a Central Asian allele-frequency comparison table versus 1000G EUR/SAS/EAS, with careful caveats about imputation and variant availability.	1000	statistic	NONE	unchecked
next_steps	Genotype-by-ancestry interaction: exploratory for chr18/chr9/chr15 only; genome-wide interaction testing is underpowered.	NONE	conclusion	NONE	unchecked
next_steps	λGC=0.978 (identical to primary); chr15/chr9 lead signals unchanged; 0 genome-wide	0.978;0	conclusion	NONE	unchecked
next_steps	significant, 212 suggestive (vs. 198 primary).	212;198	conclusion	NONE	unchecked
next_steps	Caveat: 93/1,090 samples lack a matched FROH	93;1,090	count	NONE	unchecked
next_steps	DONE — found unpublished 2026-09-20 |	2026;09;20	conclusion	NONE	unchecked
next_steps	Full genome-wide SAIGE run existed on DRAGEN since 2026-04-21 (all 22 chr, same covariates as	2026;04;21;22	conclusion	DRAGEN since 2026-04-21 (all 22 chr, same cova	unchecked
next_steps	Corroborates the chr15 and chr18 primary-GWAS signals.	NONE	conclusion	NONE	unchecked
next_steps	See /staging/ALSU-analysis/spring2026/saige/top_hits_5e-7.tsv. |	7.	path	/staging/ALSU-analysis/spring2026/saige/top_hits_5e-7.tsv.	unchecked
next_steps	chr15 and chr9 dense regional LD matrices |	NONE	conclusion	NONE	unchecked
next_steps	DONE — published 2026-09-20 |	2026;09;20	conclusion	NONE	unchecked
next_steps	Current chr15/chr9 LD pages were decay summaries only; chr18 had the publication-grade heatmap. |	NONE	conclusion	NONE	unchecked
next_steps	The dense matrices already existed on DRAGEN (computed 2026-04-24/05-04) but were never	2026;04;24;05;04	conclusion	DRAGEN (computed 2026-04-24/05-04) but were ne	unchecked
next_steps	Built and published: chr9,	NONE	conclusion	NONE	unchecked
next_steps	Conditional analysis at chr18, chr15, chr9 |	NONE	conclusion	NONE	unchecked
next_steps	Separates single-block effects from independent signals, especially at chr15. |	NONE	conclusion	NONE	unchecked
next_steps	BLOCKED — investigated 2026-09-20 |	2026;09;20	conclusion	NONE	unchecked
next_steps	Of the 4 target variants, only rs1801133 (MTHFR) and rs6025 (Factor V Leiden)	4	conclusion	NONE	unchecked
next_steps	are present in the common UZB×1000G marker set; rs1799963 (Prothrombin) and rs1799889	1000	p-value	NONE	unchecked
next_steps	(PAI-1) did not survive the merge/QC.	1	conclusion	NONE	unchecked
next_steps	UZB frequencies obtained (rs1801133: 0.303, rs6025: 0.0200)	0.303;0.0200	statistic	NONE	unchecked
next_steps	1000g_grch38/ALL.chr1...GRCh38...vcf.gz file appears to have no variants at all in a	1000	conclusion	1000g_grch38/ALL.chr1...GRCh38...vcf.gz	unchecked
next_steps	1 kb window around either position — a likely coordinate/build problem in that file,	1	conclusion	NONE	unchecked
next_steps	Needs a verified alternate 1000G GRCh38 source before this can be finished. |	1000	conclusion	NONE	unchecked
next_steps	Extended reference panels (gnomAD HGDP+1KG + Kazakh GSA) |	1	conclusion	NONE	unchecked
next_steps	Richer Central Asian / global context than 1000G alone;	1000	conclusion	NONE	unchecked
next_steps	Kazakh sample_1 merge test done (4,930 SNPs); chr22 gnomAD pilot failed silently (0 variants, contig-naming bug) — needs fix before full chr 1–22 run. |	4,930;0;1;22	count	NONE	unchecked
next_steps	chr22, n=160 pilot run complete and verified; full-cohort genome-wide run and Uzbek-calibrated demography still needed. |	160	count	NONE	unchecked
next_steps	QC, PCA, FST, ADMIXTURE, PBS, ROH/IBD, GWAS, sensitivity tiers, all-tier Manhattan, chr18 LD page. |	NONE	statistic	ADMIXTURE	unchecked
next_steps	Use existing Step 1–16 HTML pages and manuscripts as the audit trail. |	1;16	conclusion	NONE	unchecked
next_steps	May 2026 status update: the dominant outstanding work is no longer running the first GWAS.	2026	conclusion	NONE	unchecked
next_steps	chr15 / chr9 dense LD heatmaps |	NONE	conclusion	NONE	unchecked
next_steps	Secondary loci need the same visual standard as chr18 before they are presented as equivalent locus analyses. |	NONE	conclusion	NONE	unchecked
next_steps	0.5–1 day once matrices exist |	0.5;1	conclusion	NONE	unchecked
next_steps	Formal top-hit supplement: top 50 per run, nearest gene, LD clump, effect direction, tier appearances |	50	conclusion	NONE	unchecked
next_steps	Known RPL / thrombophilia frequency table vs 1000G EUR/SAS/EAS |	1000	statistic	NONE	unchecked
next_steps	Most important upgrade for chr18/chr9/chr15; turns suggestive signals into credible findings. |	NONE	conclusion	NONE	unchecked
next_steps	Manual evidence table for chr18 / chr9 / chr15 |	NONE	conclusion	NONE	unchecked
next_steps	1 day (need EUR LD panel) |	1	conclusion	NONE	unchecked
next_steps	WGS subset (10–30 cases): structural variants & CNVs missed by SNP array |	10;30	conclusion	NONE	unchecked
next_steps	DONE 2026-09-20 — Bootstrap CIs on the 5 corrected PBS candidates (1,000 resamples) |	2026;09;20;5;1,000	statistic	NONE	unchecked
next_steps	All 5 candidates' 95% CIs exclude zero — signal robust to individual-level resampling. |	5;95%	statistic	NONE	unchecked
next_steps	Submit summary statistics (5 runs) |	5	conclusion	NONE	unchecked
next_steps	Allele-frequency database release (Uzbek-only, all 9.98M SNPs) |	9.98	statistic	NONE	unchecked
next_steps	Re-do PCA after dropping IBD-related pairs (PI_HAT > 0.185) and report with/without comparison.	0.185	conclusion	NONE	unchecked
next_steps	Secondary sensitivity: compare PLINK2 Firth, SAIGE/REGENIE, and FROH-adjusted models for the three lead loci.	NONE	conclusion	PLINK2	unchecked
next_steps	Conditional analysis at NETO1 to test for independent secondary signals.	NONE	conclusion	NONE	unchecked
next_steps	Paper 1: Uzbek population genomics |	1	conclusion	NONE	unchecked
next_steps	The RPL paper becomes much harder to criticize after: (1) FROH rerun, (2) mixed-model sensitivity,	1;2	conclusion	NONE	unchecked
next_steps	(3) chr15/chr9 dense LD pages, and (4) a formal top-hit/functional supplement.	3;4	conclusion	NONE	unchecked
robustness_analyses	Pending update (2026-10-02): The PBS-candidate analyses here (bootstrap confidence intervals, FROH-adjusted association tests) concern candidates that have been withdrawn as reference-file artefacts.	2026;10;02	statistic	NONE	unchecked
robustness_analyses	FROH covariate GWAS rerun, bootstrap CIs on the PBS candidates, and conditional analysis at the three lead loci — closes Priority Roadmap items #1, #4, and #12	1,;4,;12	statistic	NONE	unchecked
robustness_analyses	The primary RPL GWAS (AGE, BMI, PC1–PC3) planned to include FROH (inbreeding	NONE	conclusion	NONE	unchecked
robustness_analyses	genome-wide significant (p<5×10⁻⁸)	5×10⁻⁸)	p-value	NONE	unchecked
robustness_analyses	Caveat, stated plainly: 93 of the 1,090 primary-cohort samples (8.5%) have no	93;1,090;8.5%	statistic	NONE	unchecked
robustness_analyses	FROH match against the ROH source (computed on the newer 1,256-sample expanded cohort)	1,256	conclusion	NONE	unchecked
robustness_analyses	15 | 31,340,603 | rs8027539 | 1.85 | 2.35×10⁻⁷ | Same locus as primary GWAS and SAIGE lead signal |	15;31,340,603;1.85;2.35×10⁻⁷	p-value	NONE	unchecked
robustness_analyses	15 | 31,333,129 | rs58566807 | 2.09 | 2.54×10⁻⁷ | Same block as above |	15;31,333,129;2.09;2.54×10⁻⁷	p-value	NONE	unchecked
robustness_analyses	9 | 115,907,201 | rs28446251 | 2.27 | 3.02×10⁻⁷ | Exact lead SNP from the chr9 functional page |	9;115,907,201;2.27;3.02×10⁻⁷	p-value	NONE	unchecked
robustness_analyses	1 | 109,154,605 | rs594626 | 2.10 | 3.98×10⁻⁷ | New region, not previously highlighted |	1;109,154,605;2.10;3.98×10⁻⁷	p-value	NONE	unchecked
robustness_analyses	The chr15 and chr9 lead signals survive FROH adjustment essentially unchanged —	NONE	conclusion	NONE	unchecked
robustness_analyses	All 8 original PBS Tier-1 candidates remain non-significant for RPL association after	8;1	statistic	NONE	unchecked
robustness_analyses	FROH adjustment (p range 0.22–0.98) — consistent with the primary model.	0.22;0.98	conclusion	NONE	unchecked
robustness_analyses	1,000 individual-level bootstrap resamples (resampling with replacement within each population),	1,000	conclusion	NONE	unchecked
robustness_analyses	TUZB-EAS − TEUR-EAS)/2 each time, for the 5 corrected PBS candidates	2;5	statistic	NONE	unchecked
robustness_analyses	(the current report's candidate set, not the earlier pre-bugfix 8-candidate list).	8	conclusion	NONE	unchecked
robustness_analyses	Locus | Point PBSUZB | Bootstrap mean | SE | 95% CI | Excludes 0? |	95%;0	statistic	NONE	unchecked
robustness_analyses	chr12:5,664,803 | 2.845 | 2.851 | 0.098 | [2.676, 3.047] | Yes |	5,664,803;2.845;2.851;0.098;2.676;3.047	conclusion	NONE	unchecked
robustness_analyses	chr12:125,520,190 | 2.847 | 2.855 | 0.099 | [2.674, 3.057] | Yes |	125,520,190;2.847;2.855;0.099;2.674;3.057	conclusion	NONE	unchecked
robustness_analyses	chr5:53,879,140 | 0.675 | 0.673 | 0.019 | [0.638, 0.711] | Yes |	53,879,140;0.675;0.673;0.019;0.638;0.711	conclusion	NONE	unchecked
robustness_analyses	chr13:104,524,666 | 0.649 | 0.649 | 0.015 | [0.618, 0.678] | Yes |	104,524,666;0.649;0.649;0.015;0.618;0.678	conclusion	NONE	unchecked
robustness_analyses	chr11:207,698 | 0.442 | 0.443 | 0.018 | [0.407, 0.480] | Yes |	207,698;0.442;0.443;0.018;0.407;0.480	conclusion	NONE	unchecked
robustness_analyses	Result: all 5 candidates' 95% CIs exclude zero — the PBS signal is robust	5;95%	statistic	NONE	unchecked
robustness_analyses	(e.g. 2.845 here vs. 2.786 published for chr12:125,520,190) because a different, standard FST	2.845;2.786;125,520,190	statistic	NONE	unchecked
robustness_analyses	Conditional analysis at chr15, chr9, chr18	NONE	conclusion	NONE	unchecked
robustness_analyses	(±~1–1.1 Mb) is rescanned with the same model (AGE, BMI, PC1–3).	1;1.1;3	conclusion	NONE	unchecked
robustness_analyses	chr15:31.2–31.4 Mb | rs8027539 (p=3.3×10⁻⁷) | 3.3×10⁻⁷ | 3.6×10⁻³ (609 obs) | Single block — no residual signal near suggestive threshold |	31.2;31.4;3.3×10⁻⁷);3.3×10⁻⁷;3.6×10⁻³;609	p-value	NONE	unchecked
robustness_analyses	chr9:114.8–116.9 Mb | rs28446251 (p=4.6×10⁻⁷) | 4.6×10⁻⁷ | 8.6×10⁻⁵ (rs10983051, ~170 kb away) | Mostly single block; one weak secondary SNP well short of suggestive (1×10⁻⁵) |	114.8;116.9;4.6×10⁻⁷);4.6×10⁻⁷;8.6×10⁻⁵;170;1×10⁻⁵)	p-value	NONE	unchecked
robustness_analyses	chr18:69.4–71.5 Mb | rs4891860 (p=3.2×10⁻⁷) | 3.2×10⁻⁷ | 9.4×10⁻⁴ (710 obs) | Single block — no residual signal near suggestive threshold |	69.4;71.5;3.2×10⁻⁷);3.2×10⁻⁷;9.4×10⁻⁴;710	p-value	NONE	unchecked
robustness_analyses	Computed on DRAGEN (Biotech2024, copilot@100.104.25.22) 2026-09-20.	100.104;2026;09;20.	conclusion	DRAGEN (Biotech2024, copilot@100	unchecked
robustness_analyses	FROH rerun: /staging/ALSU-analysis/spring2026/gwas/froh_rerun/, genome	NONE	path	/staging/ALSU-analysis/spring2026/gwas/froh_rerun/,	unchecked
robustness_analyses	length normalized to 2,881,033 Kb (standard convention).	2,881,033	conclusion	NONE	unchecked
robustness_analyses	PBS bootstrap: 1,000 resamples, seed 42,	1,000;42,	statistic	NONE	unchecked
robustness_analyses	/staging/ALSU-analysis/spring2026/gwas/conditional_2026-09/	09	path	/staging/ALSU-analysis/spring2026/gwas/conditional_2026-09/	unchecked
robustness_analyses	(plink2 --condition, same covariates as primary GWAS).	NONE	path	plink2	unchecked
step10	Step 10: Multi-Population PBS Analysis - ALSU Pipeline	10	statistic	NONE	unchecked
step10	Correction (2026-10-02): The PBS candidates discussed on this page are artefacts of the 1000 Genomes GRCh38 reference file (ALL.chr*.shapeit2_integrated_v1a.GRCh38.20181129), in which the genotype at a few dozen sites depends on the sequencing batch 	2026;10;02;1000	statistic	NONE	unchecked
step10	PBS re-run after excluding the 285 discordant reference sites (cohort of 1,047) or 344 (expanded cohort of 1,256) gives no Tier 1, 2 or 3 candidates (maximum PBS 0.146).	285;1,047;344;1,256;1,;2;3;0.146	statistic	NONE	unchecked
step10	Step 10: Multi-Population PBS Analysis	10	statistic	NONE	unchecked
step10	✓ Expanded cohort — August 2026 (1,256 samples)	2026;1,256	count	NONE	unchecked
step10	Spring 2026 (1,047 samples) — April 11, 2026	2026;1,047;11,;2026	count	NONE	unchecked
step10	← View original 1,047-sample cohort results (archived, not directly comparable on this page)	1,047	conclusion	NONE	unchecked
step10	Cohort expansion (August 2026): This page reflects the expanded cohort (1,256 Uzbek	2026;1,256	conclusion	NONE	unchecked
step10	"silently classified 45 unmapped 1000G samples as ""UZB"" rather than excluding them, inflating the UZB"	45;1000	conclusion	NONE	unchecked
step10	Expanded Cohort PBS Results (GRCh38)	NONE	statistic	NONE	unchecked
step10	83,091 SNPs analyzed (vs 79,767 for the original cohort).	83,091;79,767	count	NONE	unchecked
step10	from keep-list files): UZB=1,256, EUR=503, EAS=504, SAS=489, AFR=660.	1,256,;503,;504,;489,;660.	conclusion	NONE	unchecked
step10	SNPs analyzed | 83,091 | 79,767 |	83,091;79,767	conclusion	NONE	unchecked
step10	Mean PBSUZB | −0.01016 | −0.01001 |	0.01016;0.01001	statistic	NONE	unchecked
step10	Median PBSUZB | −0.00605 | −0.00604 |	0.00605;0.00604	statistic	NONE	unchecked
step10	Max PBSUZB | 2.7862 | 3.01414 |	2.7862;3.01414	statistic	NONE	unchecked
step10	Tier 1 (PBS≥0.3) | 5 | 8 |	1;0.3;5;8	statistic	NONE	unchecked
step10	Tier 1 count dropped from 8 to 5 candidates — this is a genuine observation from the	1;8;5	conclusion	NONE	unchecked
step10	changes) and classify them by tier: high PBS (≥0.3), large absolute frequency difference	0.3	statistic	NONE	unchecked
step10	(ΔAF ≥0.3 vs all populations), or near-private alleles (UZB MAF ≥5%, all others ≤1%).	0.3;5%;1%	statistic	NONE	unchecked
step10	UZB_1kG_merged.{bed,bim,fam} |	NONE	conclusion	NONE	unchecked
step10	3,804 samples × 83,091 LD-pruned SNPs (from Step 8) |	3,804;83,091;8	count	NONE	unchecked
step10	Sample-to-superpopulation assignments, corrected (45 unmapped 1000G samples excluded, not defaulted to UZB) |	45;1000	conclusion	NONE	unchecked
step10	Uzbek cohort | UZB | 1,256 | ALSU QC-passed set (expanded) |	1,256	conclusion	NONE	unchecked
step10	European | EUR | 503 | 1000 Genomes Phase 3 |	503;1000;3	conclusion	NONE	unchecked
step10	East Asian | EAS | 504 | 1000 Genomes Phase 3 |	504;1000;3	conclusion	NONE	unchecked
step10	South Asian | SAS | 489 | 1000 Genomes Phase 3 |	489;1000;3	conclusion	NONE	unchecked
step10	African | AFR | 660 | 1000 Genomes Phase 3 |	660;1000;3	conclusion	NONE	unchecked
step10	3.1 Build Population Cluster File	3.1	conclusion	NONE	unchecked
step10	"silently classified any 1000G sample not found in the population panel as ""UZB"" — 45 real 1000G"	1000;45;1000	conclusion	NONE	unchecked
step10	individuals were folded into the Uzbek group this way, inflating it from the correct 1,256 to 1,301.	1,256;1,301.	conclusion	NONE	unchecked
step10	Root cause: the GRCh38 1000G VCF has 2,548 samples but the classic v3 population panel only documents	1000;2,548	count	NONE	unchecked
step10	awk 'NR==FNR {pop[$1]=$2; next} {	1;2	conclusion	NONE	unchecked
step10	}' pop_mapping.txt UZB_1kG_merged.fam > clusters.txt	NONE	path	pop_mapping.txt; UZB_1kG_merged.fam; clusters.txt	unchecked
step10	awk '{print $3}' clusters_fixed.txt | sort | uniq -c | sort -rn	3	path	clusters_fixed.txt	unchecked
step10	(45 unmapped 1000G samples correctly excluded, not defaulted to UZB)	45;1000	conclusion	NONE	unchecked
step10	3.2 Extract Per-Population Sample Lists	3.2	conclusion	NONE	unchecked
step10	"awk -v p=""$POP"" '$3==p {print $1, $2}' clusters.txt > keep_${POP}.txt"	3;1,;2	p-value	clusters.txt	unchecked
step10	"echo ""$POP: $(wc -l 3.3 Compute Per-Population Allele Frequencies"	3.3	statistic	NONE	unchecked
step10	plink --bfile UZB_1kG_merged \	NONE	path	plink	unchecked
step10	cat keep_${POP1}.txt keep_${POP2}.txt > keep_${POP1}_${POP2}.txt	NONE	path	NONE	unchecked
step10	"awk -v p=""$POP1"" '{print $1, $2, p}' keep_${POP1}.txt > within_${POP1}_${POP2}.txt"	1,;2,	p-value	NONE	unchecked
step10	"awk -v p=""$POP2"" '{print $1, $2, p}' keep_${POP2}.txt >> within_${POP1}_${POP2}.txt"	1,;2,	p-value	NONE	unchecked
step10	plink --bfile UZB_1kG_merged \	NONE	path	plink	unchecked
step10	--keep keep_${POP1}_${POP2}.txt \	NONE	path	NONE	unchecked
step10	--within within_${POP1}_${POP2}.txt \	NONE	path	NONE	unchecked
step10	--out fst_${POP1}_${POP2} \	NONE	statistic	NONE	unchecked
step10	3.5 PBS Calculation (Python)	3.5	statistic	NONE	unchecked
step10	T = −ln(1 − FST), then computing the branch length for the target (UZB) population:	1	statistic	NONE	unchecked
step10	PBSUZB = (TUZB-EUR + TUZB-EAS − TEUR-EAS) / 2	2	statistic	NONE	unchecked
step10	# Core PBS computation (from 02_calculate_pbs.py)	02	statistic	02_calculate_pbs.py	unchecked
step10	"""""""Convert FST to divergence time, capping FST at 0.999"""""""	0.999	statistic	NONE	unchecked
step10	f = max(0.0, min(fst_val, 0.999))	0.0;0.999	statistic	NONE	unchecked
step10	pbs_uzb = (T_ue + T_ua - T_ea) / 2.0	2.0	statistic	NONE	unchecked
step10	tier1 = pbs_uzb >= 0.3 # Strong PBS	0.3	statistic	NONE	unchecked
step10	tier2 = min_delta_af >= 0.3 # High delta-AF vs ALL populations	0.3	statistic	NONE	unchecked
step10	tier3 = (maf_uzb >= 0.05 and # Near-private: common in UZB,	0.05	statistic	NONE	unchecked
step10	python3 02_calculate_pbs.py --outdir ./pbs_results	02	statistic	02_calculate_pbs.py	unchecked
step10	Total SNPs analyzed: 83,091	83,091	conclusion	NONE	unchecked
step10	"a stale hardcoded label (""UZB n=1199"") left over from before the clusters_fixed.txt bug fix above —"	1199	count	clusters_fixed.txt	unchecked
step10	Use the Population Panel table in Section 2 for the real counts (UZB=1,256).	2;1,256	conclusion	NONE	unchecked
step10	4.1 Pairwise FST (Weighted)	4.1	statistic	NONE	unchecked
step10	UZB vs EUR | 0.01498 | 0.01028 |	0.01498;0.01028	conclusion	NONE	unchecked
step10	UZB vs EAS | 0.03963 | 0.02349 |	0.03963;0.02349	conclusion	NONE	unchecked
step10	EUR vs EAS | 0.08661 | 0.05086 |	0.08661;0.05086	conclusion	NONE	unchecked
step10	UZB vs SAS | 0.01445 | 0.00989 |	0.01445;0.00989	conclusion	NONE	unchecked
step10	UZB vs AFR | 0.12830 | 0.06114 |	0.12830;0.06114	conclusion	NONE	unchecked
step10	Interpretation: UZB is genetically closest to EUR (FST=0.0150) and SAS (FST=0.0145),	0.0150;0.0145	statistic	NONE	unchecked
step10	moderately distant from EAS (0.0396), and most distant from AFR (0.1283).	0.0396;0.1283	conclusion	NONE	unchecked
step10	cohort (all values within 0.002) and with PCA positioning (Step 8) showing	0.002;8	conclusion	NONE	unchecked
step10	4.2 PBS Summary Statistics	4.2	statistic	NONE	unchecked
step10	Median PBSUZB | −0.00605 |	0.00605	statistic	NONE	unchecked
step10	95th percentile | 0.0048 |	95;0.0048	conclusion	NONE	unchecked
step10	99th percentile | 0.0135 |	99;0.0135	conclusion	NONE	unchecked
step10	99.9th percentile | 0.0304 |	99.9;0.0304	conclusion	NONE	unchecked
step10	PBS ≥ 0.3 (Tier 1) | 5 SNPs |	0.3;1;5	count	NONE	unchecked
step10	📊 View Full Tier 1 Candidates Report	1	conclusion	NONE	unchecked
step10	Observation (expanded cohort, 5 Tier-1 candidates): The top 2 SNPs (both on	5;1;2	count	NONE	unchecked
step10	chromosome 12) show extremely high PBS values (>2.7) with very low UZB MAF (~3%) compared to high	12;2.7;3%	statistic	NONE	unchecked
step10	EUR/EAS MAF (~97–98%).	97;98%	statistic	NONE	unchecked
step10	The remaining 3 candidates (PBS 0.36–0.53) are more biologically interesting: UZB	3;0.36;0.53	statistic	NONE	unchecked
step10	shows high MAF (~48–49%) diverging from other populations, most strikingly at 13:104524666	48;49%;13;104524666	statistic	NONE	unchecked
step10	where UZB MAF (48.8%) contrasts with <1% in every reference population — a near-private variant	48.8%;1%	statistic	NONE	unchecked
step10	pattern worth flagging for follow-up annotation (Step 12).	12	conclusion	NONE	unchecked
step10	Correction (2026-10-02): the reference frequencies behind this paragraph come from erroneous genotypes in the 1000G GRCh38 file; these candidates are withdrawn.	2026;10;02;1000	statistic	NONE	unchecked
step10	For 13:104524666 (rs72660963) the Ensembl-reported frequencies in 1000 Genomes phase 3 and gnomAD are far above 1% (gnomAD about 15%), so it is not a near-private variant; this site was not matched in the phase 3 VCF during the re-check and is flagge	13;104524666;1000;3;1%;15%;3	statistic	NONE	unchecked
step10	fst_{POP1}_{POP2}_fixed.fst | Per-SNP pairwise FST (5 pairs) |	5	count	NONE	unchecked
step10	pbs_results/pbs_results.tsv | PBS scores for all 83,091 SNPs |	83,091	count	pbs_results/pbs_results.tsv	unchecked
step10	pbs_results/uzbek_specific_snps.tsv | Tier 1 candidate SNPs (5 SNPs) |	1;5	count	pbs_results/uzbek_specific_snps.tsv	unchecked
step10	pbs_results/summary_stats.txt | Summary statistics (population-count label is stale — see Section 3.5 note; computed stats are correct) |	3.5	statistic	pbs_results/summary_stats.txt	unchecked
step10	Step 11: ADMIXTURE — Continental ancestry decomposition using the same merged dataset.	11	conclusion	ADMIXTURE	unchecked
step10	Step 12: PBS Annotation — Functional annotation of the 8 PBS candidates.	12;8	statistic	NONE	unchecked
step10	Step 13: LD Analysis — LD clumping and decay analysis of PBS candidates.	13	statistic	NONE	unchecked
step10_pbs_candidates	← Back to Step 10: Multi-Population PBS Analysis	10	statistic	NONE	unchecked
step10_pbs_candidates	All 8 SNPs with PBSUZB ≥ 0.3 · 79,767 tested · 0 rsIDs in dbSNP	8;0.3;79,767;0	count	NONE	unchecked
step10_pbs_candidates	Correction (2026-10-02): The PBS candidates discussed on this page are artefacts of the 1000 Genomes GRCh38 reference file (ALL.chr*.shapeit2_integrated_v1a.GRCh38.20181129), in which the genotype at a few dozen sites depends on the sequencing batch 	2026;10;02;1000	statistic	NONE	unchecked
step10_pbs_candidates	PBS re-run after excluding the 285 discordant reference sites (cohort of 1,047) or 344 (expanded cohort of 1,256) gives no Tier 1, 2 or 3 candidates (maximum PBS 0.146).	285;1,047;344;1,256;1,;2;3;0.146	statistic	NONE	unchecked
step10_pbs_candidates	bar height = allele freq, scale max 49%	49%	statistic	NONE	unchecked
step10_pbs_candidates	No parallel in any ref pop. ΔAF = 36%.	36%	statistic	NONE	unchecked
step10_pbs_candidates	Chr12 cluster · PBS inflated by erroneous 1000G GRCh38 reference genotypes (see correction above) · not Uzbek-specific	1000	statistic	NONE	unchecked
step10_pbs_candidates	UZB ≈ EUR ≈ EAS ≈ 2–4%.	2;4%	statistic	NONE	unchecked
step10_pbs_candidates	Reference genotype artefact (1000G GRCh38 batch error).	1000	conclusion	NONE	unchecked
step10_pbs_candidates	No LD: loci are 17-100 Mb apart; measured r2 in the Uzbek cohort is about 0.	17;100;0.	statistic	NONE	unchecked
step10_pbs_candidates	No LD: loci are 17-100 Mb apart; measured r2 in the Uzbek cohort is about 0.	17;100;0.	statistic	NONE	unchecked
step11	Step 11: Global ADMIXTURE with 1000 Genomes - ALSU Pipeline	11;1000	conclusion	ADMIXTURE	unchecked
step11	Correction (2026-10-02): The statements on this page that self-reported ethnicity is non-significant or “not a confounder” are withdrawn.	2026;10;02	conclusion	NONE	unchecked
step11	Re-tested by sample ID (K=2, 1,026 matched samples): ethnicity is strongly associated with the ancestry components (Kruskal–Wallis p≈6e-46; mean Q1: Russian 0.94, Tatar 0.80, Tajik 0.69, Uzbek 0.58, Kazakh 0.38, Korean 0.08).	2,;1,026;6e-46;0.94;0.80;0.69;0.58;0.38	conclusion	NONE	unchecked
step11	Within self-reported Uzbeks (n=811) the components are tightly clustered (SD 0.10) but still differ by birthplace (p≈2e-23; highest Fergana and Karakalpakstan, lowest Jizzakh).	811;0.10;2e-23	count	NONE	unchecked
step11	Re-run on the NYGC 30x GRCh38 reference (1,047 Uzbek + 2,712 reference samples EUR/EAS/SAS/AFR, AMR not included; 60,019 LD-pruned SNPs after removing strand-ambiguous and long-range-LD SNPs; 3 seeds, K=2–8): ethnicity is significant at every K (p fr	30;1,047;2,712;60,019;3;2;8	conclusion	NONE	unchecked
step11	At K=4 Uzbeks are about 50% European-like, 30% East Asian-like, 19% South Asian-like.	4;50%;30%;19%	statistic	NONE	unchecked
step11	At K=7 about half of the Uzbek ancestry is assigned to a component that no reference population carries, so the “three-way continental mixture” description depends on K and the reference panel lacks Central Asian populations.	7	conclusion	NONE	unchecked
step11	Numbers elsewhere on this page that come from the earlier run (SNP counts, K=5 as the final choice, the 56 non-significant tests) are superseded.	5;56	conclusion	NONE	unchecked
step11	Step 11: Global ADMIXTURE with 1000 Genomes	11;1000	conclusion	ADMIXTURE	unchecked
step11	✅ Expanded cohort — August 2026 (1,256 samples, full parity complete)	2026;1,256	count	NONE	unchecked
step11	Original cohort (1,047 samples) — April 11, 2026	1,047;11,;2026	count	NONE	unchecked
step11	← View original 1,047-sample cohort results (archived, not directly comparable on this page)	1,047	conclusion	NONE	unchecked
step11	CURRENT RESULTS (NYGC 30x reference, 2026-10-02)	30;2026;10;02	conclusion	NONE	unchecked
step11	Reference: 1000 Genomes high-coverage (NYGC) GRCh38, EUR/EAS/SAS/AFR, 2,712 samples (AMR not included).	1000;2,712	count	NONE	unchecked
step11	The Uzbek-cohort sites were extracted from it, merged with the cohort, and filtered (call rate, MAF 1%, strand-ambiguous A/T and C/G SNPs removed, long-range LD regions removed, LD pruning 50/5/0.2).	1%;50;5;0.2	statistic	NONE	unchecked
step11	ADMIXTURE K=2–8, cross-validation 5-fold, 3 seeds (1,047 cohort) or 2 seeds (1,256 cohort);	2;8,;5;3;1,047;2;1,256	conclusion	ADMIXTURE	unchecked
step11	| Cohort of 1,047 | Expanded cohort of 1,256 |	1,047;1,256	conclusion	NONE	unchecked
step11	Samples (with reference) | 3,759 | 3,968 |	3,759;3,968	conclusion	NONE	unchecked
step11	SNPs: input → QC → no ambiguous → no long-range LD → pruned | 76,823 → 67,569 → 61,986 → 60,654 → 60,019 | 82,744 → 73,062 → 67,075 → 65,582 → 64,959 |	76,823;67,569;61,986;60,654;60,019;82,744;73,062;67,075	conclusion	NONE	unchecked
step11	PCA variance PC1 / PC2 / PC3 | 54.5% / 23.6% / 7.5% | 55.0% / 23.4% / 7.4% |	54.5%;23.6%;7.5%;55.0%;23.4%;7.4%	statistic	NONE	unchecked
step11	CV error K=2 / 3 / 4 / 5 / 6 / 7 / 8 | 0.3379 / 0.3258 / 0.3224 / 0.3219 / 0.3217 / 0.3215 / 0.3213 | 0.3373 / 0.3256 / 0.3224 / 0.3219 / 0.3217 / 0.3215 / 0.3213–0.3216 |	2;3;4;5;6;7;8;0.3379	conclusion	NONE	unchecked
step11	Uzbek mean ancestry at K=4 (EUR-like / EAS-like / SAS-like / AFR-like) | 0.50 / 0.30 / 0.19 / 0.00 | 0.50 / 0.30 / 0.19 / 0.00 |	4;0.50;0.30;0.19;0.00;0.50;0.30;0.19	conclusion	NONE	unchecked
step11	Ethnicity vs components (Kruskal–Wallis, by sample ID) | p from 1.5e-23 (K=2) to 1e-43; 2–8 components significant | p from 2.2e-24 (K=2) to 1e-43; 2–8 components significant |	1.5e-23;2;1e-43;2;8;2.2e-24;2;1e-43	p-value	NONE	unchecked
step11	Birthplace within self-reported Uzbeks (K=4/5/7) | p 1e-21 to 1e-26 (11 regions) | p 1e-22 to 1e-26 (13 regions) |	4;5;7;1e-21;1e-26;11;1e-22;1e-26	p-value	NONE	unchecked
step11	Reference check: at K=4 the reference superpopulations are almost pure (EUR 0.97, EAS 1.00, SAS 0.89, AFR 0.96).	4;0.97;1.00;0.89;0.96	conclusion	NONE	unchecked
step11	Choice of K: the CV error has no clear minimum, only an elbow at K=4–5.	4;5.	conclusion	NONE	unchecked
step11	K=4 is the clean continental view;	4	conclusion	NONE	unchecked
step11	K=5 adds a Central-Asian-like component.	5	conclusion	NONE	unchecked
step11	At K=7 about half of the Uzbek ancestry is a component that no reference population carries, so the “three-way continental mixture” depends on K and on the reference panel, which has no Central Asian populations.	7	conclusion	NONE	unchecked
step11	Phenotype data matched 1,011 of 1,047 and 1,057 of 1,256 samples by sample ID (the 2026 batch samples largely lack phenotype rows).	1,011;1,047;1,057;1,256;2026	count	NONE	unchecked
step11	Seeds agree to about 1e-5 in CV error.	1e-5	p-value	NONE	unchecked
step11	Output folders on DRAGEN: full_expanded_cohort/nygc30x_adm and nygc30x_1256/adm.	NONE	conclusion	DRAGEN: full_expanded_cohort/nygc30x_adm and n	unchecked
step11	Figures (expanded cohort of 1,256 + NYGC reference).	1,256	conclusion	NONE	unchecked
step11	The 1,047-sample cohort gives the same picture; its figures are not shown.	1,047	conclusion	NONE	unchecked
step11	The sections below describe the older global runs (1000 Genomes GRCh38 phase-3-era panel with 2,548 reference samples, K=5, 54,718 markers) and the earlier ethnicity test with the sample-matching error.	1000;3;2,548;5,;54,718	count	NONE	unchecked
step11	Expanded Cohort Results (August 2026)	2026	conclusion	NONE	unchecked
step11	global panel (Uzbek+1000G, B2/B4-corrected, 5 independent seeds) + standalone Uzbek-only panel	1000;5	conclusion	NONE	unchecked
step11	cleanly on DRAGEN, Aug 13–14 2026.	13;14;2026.	conclusion	DRAGEN, Aug 13–14 2026	unchecked
step11	and Section 3.3 below for why the 5-seed check is scoped to the	3.3;5	conclusion	NONE	unchecked
step11	0.1 Global panel — CV error, 5 independent seeds (43–47)	0.1;5;43;47	conclusion	NONE	unchecked
step11	K | Seed 43 | Seed 44 | Seed 45 | Seed 46 | Seed 47 | Spread |	43;44;45;46;47	conclusion	NONE	unchecked
step11	2 | 0.33627 | 0.33627 | 0.33628 | 0.33627 | 0.33628 | 0.00001 |	2;0.33627;0.33627;0.33628;0.33627;0.33628;0.00001	conclusion	NONE	unchecked
step11	3 | 0.32552 | 0.32552 | 0.32552 | 0.32552 | 0.32552 | 0.00000 |	3;0.32552;0.32552;0.32552;0.32552;0.32552;0.00000	conclusion	NONE	unchecked
step11	4 | 0.32259 | 0.32259 | 0.32259 | 0.32259 | 0.32258 | 0.00001 |	4;0.32259;0.32259;0.32259;0.32259;0.32258;0.00001	conclusion	NONE	unchecked
step11	5 | 0.32052 | 0.32052 | 0.32052 | 0.32051 | 0.32052 | 0.00001 |	5;0.32052;0.32052;0.32052;0.32051;0.32052;0.00001	conclusion	NONE	unchecked
step11	6 | 0.32000 | 0.32001 | 0.32001 | 0.32000 | 0.32000 | 0.00001 |	6;0.32000;0.32001;0.32001;0.32000;0.32000;0.00001	conclusion	NONE	unchecked
step11	7 | 0.31979 | 0.31998 | 0.31979 | 0.31984 | 0.31984 | 0.00019 |	7;0.31979;0.31998;0.31979;0.31984;0.31984;0.00019	conclusion	NONE	unchecked
step11	8 | 0.31962 | 0.31962 | 0.31962 | 0.31963 | 0.31963 | 0.00001 |	8;0.31962;0.31962;0.31962;0.31963;0.31963;0.00001	conclusion	NONE	unchecked
step11	Same pattern as the original cohort: K=8 scores lowest but K=5–6 are equally stable, and K=7	8;5;6;7	conclusion	NONE	unchecked
step11	shows the most run-to-run spread of the useful range (0.00019, vs ≤0.00001 elsewhere) —	0.00019;0.00001	conclusion	NONE	unchecked
step11	"its ""improvement"" over K=6 is not trustworthy on stability grounds alone, mirroring the original's"	6	conclusion	NONE	unchecked
step11	0.2 sNMF cross-validation (both panels)	0.2	conclusion	sNMF	unchecked
step11	Global | 3 | 0.9994 | 0.9992–0.9997 |	3;0.9994;0.9992;0.9997	conclusion	NONE	unchecked
step11	5 | 0.9986 | 0.9974–0.9996 |	5;0.9986;0.9974;0.9996	conclusion	NONE	unchecked
step11	7 | 0.8286 | 0.3102–0.9994 |	7;0.8286;0.3102;0.9994	conclusion	NONE	unchecked
step11	Uzbek-only | 2 | 0.9975 | 0.9975–0.9975 |	2;0.9975;0.9975;0.9975	conclusion	NONE	unchecked
step11	3 | 0.9837 | 0.9766–0.9912 |	3;0.9837;0.9766;0.9912	conclusion	NONE	unchecked
step11	4 | 0.8781 | 0.7645–0.9814 |	4;0.8781;0.7645;0.9814	conclusion	NONE	unchecked
step11	5 | 0.4219 | 0.1852–0.9134 |	5;0.4219;0.1852;0.9134	conclusion	NONE	unchecked
step11	Global panel: near-perfect agreement through K=5, collapsing by K=7 — same qualitative pattern	5,;7	conclusion	NONE	unchecked
step11	as the original (K=3 r=0.9989, K=5 r=0.9983, K=7 r=0.7075), slightly higher correlations throughout.	3;0.9989;5;0.9983;7;0.7075	conclusion	NONE	unchecked
step11	Uzbek-only: agreement collapses even more sharply past K=2–3 than the original did (K=5 r=0.42	2;3;5;0.42	conclusion	NONE	unchecked
step11	vs original's 0.80) — if anything, stronger evidence that K=2 is the only trustworthy number for	0.80;2	conclusion	NONE	unchecked
step11	0.3 Uzbek-only ADMIXTURE — CV error (single seed, K=2–8)	0.3;2;8	conclusion	ADMIXTURE	unchecked
step11	Monotonically increasing from K=2, same as the original (K=2 minimum both times) — confirms no	2,;2	conclusion	NONE	unchecked
step11	Panel: 1,256 samples × 295,815 SNPs (QC + --indep-pairwise 50 10 0.1, same	1,256;295,815;50;10;0.1	count	NONE	unchecked
step11	recipe as the original, comparable scale to the original's 294,597 for 1,047 samples).	294,597;1,047	count	NONE	unchecked
step11	0.4 K=5 Ancestry Composition (Global Panel, Expanded Cohort)	0.4;5	conclusion	NONE	unchecked
step11	Component numbering (Q1–Q5) is not the same assignment as the original cohort's	NONE	conclusion	NONE	unchecked
step11	Q1 | EAS (99.55%) | East Asian |	99.55%	statistic	NONE	unchecked
step11	Q2 | SAS (89.23%) | South Asian |	89.23%	statistic	NONE	unchecked
step11	Q3 | AMR (42.55%, shared with Q5) | Americas-linked |	42.55%	statistic	NONE	unchecked
step11	Q4 | AFR (95.54%) | African |	95.54%	statistic	NONE	unchecked
step11	Q5 | EUR (96.21%), UZB (48.63%) | European / West Eurasian |	96.21%;48.63%	statistic	NONE	unchecked
step11	Q5 | European / West Eurasian | 48.63% | 47.3% |	48.63%;47.3%	statistic	NONE	unchecked
step11	Q1 | East Asian | 28.52% | 28.5% |	28.52%;28.5%	statistic	NONE	unchecked
step11	Q2 | South Asian | 19.67% | 20.1% |	19.67%;20.1%	statistic	NONE	unchecked
step11	Q3 | Americas-linked | 2.90% | 3.6% |	2.90%;3.6%	statistic	NONE	unchecked
step11	Q4 | African | 0.28% | 0.6% |	0.28%;0.6%	statistic	NONE	unchecked
step11	Near-identical to the original cohort at every component (largest change: African component 0.6%→0.28%,	0.6%;0.28%	statistic	NONE	unchecked
step11	The sections below (1 onward) document the original cohort's B2/B4 methodology correction in full	1	conclusion	NONE	unchecked
step11	Numbers in those sections are the original 1,047-sample	1,047	conclusion	NONE	unchecked
step11	cohort's results, not yet superseded in their own text — Section 0 above is the current,	0	conclusion	NONE	unchecked
step11	While the Uzbek-only ADMIXTURE (documented in Section 3.3 below, on this same page) identified a West–East admixture cline within the cohort,	3.3	conclusion	ADMIXTURE; admixture	unchecked
step11	This step merges 1,047 Uzbek samples	1,047	conclusion	NONE	unchecked
step11	with 2,548 individuals from the 1000 Genomes Project (all 26 populations across 5 superpopulations), enabling ADMIXTURE’s unsupervised algorithm	2,548;1000;26;5	count	ADMIXTURE	unchecked
step11	Relatedness implication: Step 11 K=5 ancestry vectors were used to evaluate whether	11;5	conclusion	NONE	unchecked
step11	population structure affects PI_HAT/KING relatedness calls in the merged ALSU+GWAS2026 data.	NONE	conclusion	KING	unchecked
step11	This ancestry analysis was done for 3,595 people, the same group used throughout this study	3,595	conclusion	NONE	unchecked
step11	(1,047 Uzbek participants plus 2,548 international reference samples).	1,047;2,548	conclusion	NONE	unchecked
step11	Start | Same starting dataset as the original analysis | 60,485 | — |	60,485	conclusion	NONE	unchecked
step11	"1 | Removed ""strand-ambiguous"" markers (see explanation below) | 55,531 | 4,954 |"	1;55,531;4,954	conclusion	NONE	unchecked
step11	2 | Removed markers inside known large linked-block genome regions (see below) | 54,731 | 800 |	2;54,731;800	conclusion	NONE	unchecked
step11	3 | Routine redundancy filtering (removes markers too similar to their neighbors) | 54,718 | 13 |	3;54,718;13	conclusion	NONE	unchecked
step11	Next, we need to decide how many ancestry groups (2, 3, 4, 5...) best explain this data.	2,;3,;4,;5.	conclusion	NONE	unchecked
step11	8 groups | 0.28480 ← lowest score, but see below |	8;0.28480	conclusion	NONE	unchecked
step11	All 8 group-counts are now calculated.	8	conclusion	NONE	unchecked
step11	The score never fully flattens — 8 groups scores best,	8	conclusion	NONE	unchecked
step11	technically — but the size of each successive improvement drops off sharply after 5 groups:	5	conclusion	NONE	unchecked
step11	the jump from 4→5 groups is a 0.18-point improvement, while every step from 5 groups onward	4;5;0.18;5	conclusion	NONE	unchecked
step11	(5→6, 6→7, 7→8) is 20–40 times smaller.	5;6,;6;7,;7;8;20;40	conclusion	NONE	unchecked
step11	“the limits of discrete-K models” in §3.3).	3.3	conclusion	NONE	unchecked
step11	happens to score lowest, this page uses 5 groups as the working number because it	5	conclusion	NONE	unchecked
step11	matches the five known continental reference groups this study is anchored to — see Section 5 for	5	conclusion	NONE	unchecked
step11	Stability check: the whole calculation was independently repeated 4 more times (5	4;5	conclusion	NONE	unchecked
step11	For 5, 6, and 7 groups, every one of the 5 runs agreed	5,;6,;7;5	conclusion	NONE	unchecked
step11	to within 0.00003 of each other — as stable as it gets.	0.00003	conclusion	NONE	unchecked
step11	For 2 groups, the 5 runs disagreed by up	2;5	conclusion	NONE	unchecked
step11	to 0.002 — a real, if small, difference.	0.002	conclusion	NONE	unchecked
step11	For 8 groups, the runs disagreed by up to 0.0002 —	8;0.0002	conclusion	NONE	unchecked
step11	noticeably less stable than 5, 6, or 7.	5,;6,;7.	conclusion	NONE	unchecked
step11	"In other words: the ""8 groups scores best"" result from a single"	8	conclusion	NONE	unchecked
step11	run isn't fully trustworthy on its own, while 5 groups (and 6, and 7) reproduce cleanly every time.	5;6,;7	conclusion	NONE	unchecked
step11	— to prefer 5 groups as the working number over chasing the raw score to 8.	5;8.	conclusion	NONE	unchecked
step11	method from ADMIXTURE — was also run on this same corrected marker set (Section 3.2).	3.2	conclusion	ADMIXTURE	unchecked
step11	with ADMIXTURE almost perfectly at 5 groups (every component correlates above r=0.996), but that	5;0.996	conclusion	ADMIXTURE	unchecked
step11	agreement collapses at 7 groups (one component drops to r=0.27) — the two methods stop	7;0.27	conclusion	NONE	unchecked
step11	describing the same structure once you push past 5.	5.	conclusion	NONE	unchecked
step11	What changed and why: We started from the same 3,595-person, 60,485-marker dataset as	3,595;60,485	conclusion	NONE	unchecked
step11	"above): (1) removed markers that were ""strand-ambiguous"" — positions where lab software can't"	1	conclusion	NONE	unchecked
step11	(2) removed markers sitting inside a small number of well-known genome regions (including	2	conclusion	NONE	unchecked
step11	one on chromosome 6 and a few others) that are inherited together in large unbroken blocks rather than	6	conclusion	NONE	unchecked
step11	A further 13 markers were removed during the	13	count	NONE	unchecked
step11	routine redundancy-filtering step that follows, leaving 54,718 markers for the final calculation.	54,718	count	NONE	unchecked
step11	The ancestry calculation was restarted on this corrected marker set on Biotech2024 on August 9, 2026 at	9,;2026	conclusion	NONE	unchecked
step11	Results assuming 2 through 5 ancestry groups are complete as of this update	2;5	conclusion	NONE	unchecked
step11	(prediction error 0.30082 → 0.28555, steadily improving as more groups are added), 6 through 8	0.30082;0.28555;6;8	conclusion	NONE	unchecked
step11	The average ancestry proportions for 5 groups were recomputed and compared directly against the	5	conclusion	NONE	unchecked
step11	original, uncorrected analysis: change was under 0.1 percentage points for every population —	0.1	conclusion	NONE	unchecked
step11	2.1 Reference Panel Selection	2.1	conclusion	NONE	unchecked
step11	We use the complete 1000 Genomes Phase 3 reference (all 26 populations grouped into 5 superpopulations), providing broad continental representation.	1000;3;26;5	conclusion	NONE	unchecked
step11	AFR | YRI, LWK, GWD, MSL, ESN, ACB, ASW | 671 |	671	conclusion	NONE	unchecked
step11	EUR | CEU, GBR, FIN, IBS, TSI | 522 |	522	conclusion	NONE	unchecked
step11	SAS | GIH, PJL, BEB, STU, ITU | 492 |	492	conclusion	NONE	unchecked
step11	EAS | CHB, JPT, CHS, CDX, KHV | 515 |	515	conclusion	NONE	unchecked
step11	AMR | MXL, PUR, CLM, PEL | 348 |	348	conclusion	NONE	unchecked
step11	UZB | Uzbek cohort (this study) | 1,047 |	1,047	conclusion	NONE	unchecked
step11	# Per-chromosome VCF extraction from 1000G Phase 3	1000;3	conclusion	NONE	unchecked
step11	1000G_chr${chr}.vcf.gz -Oz -o ref_chr${chr}.vcf.gz	1000	conclusion	NONE	unchecked
step11	# Basic quality filters: keep common markers (present in >1% of people),	1%	statistic	NONE	unchecked
step11	# keep markers with good data completeness (<2% missing)	2%	statistic	NONE	unchecked
step11	# dataset (Uzbek + 5 world regions) would incorrectly discard real	5	conclusion	NONE	unchecked
step11	# within each individual population group (see Step 3).	3	conclusion	NONE	unchecked
step11	plink --bfile global_merged --maf 0.01 --geno 0.02 --make-bed --out global_qc	0.01;0.02	statistic	plink	unchecked
step11	"# Step 1 of 2 corrections: remove ""strand-ambiguous"" markers (A/T and C/G) where"	1;2	conclusion	NONE	unchecked
step11	# 4,954 such markers found in global_qc.bim (60,485 total); confirmed removed by	4,954;60,485	conclusion	global_qc.bim	unchecked
step11	"awk '(($5==""A""&&$6==""T"")||($5==""T""&&$6==""A"")||($5==""C""&&$6==""G"")||($5==""G""&&$6==""C"")){print $2}' \"	5;6;5;6;5;6;5;6	conclusion	NONE	unchecked
step11	# Markers remaining: 55,531 (60,485 minus the 4,954 removed)	55,531;60,485;4,954	conclusion	NONE	unchecked
step11	# Step 2 of 2 corrections: remove markers sitting inside a short list of known	2;2	conclusion	NONE	unchecked
step11	# than independently) — including the MHC region on chromosome 6, an inversion	6,	conclusion	NONE	unchecked
step11	# on chromosome 8, an inversion on chromosome 17, and the lactase-tolerance	8,;17,	conclusion	NONE	unchecked
step11	# region on chromosome 2.	2.	conclusion	NONE	unchecked
step11	# (see Price et al. 2008;	2008	conclusion	NONE	unchecked
step11	Anderson et al. 2010 for why this matters).	2010	conclusion	NONE	unchecked
step11	# Markers remaining: 54,731 (55,531 minus 800 removed from those regions)	54,731;55,531;800	conclusion	NONE	unchecked
step11	plink --bfile global_qc_nolr --indep-pairwise 50 5 0.2 --out global_ld_fixed_v2	50;5;0.2	path	plink	unchecked
step11	plink --bfile global_qc_nolr --extract global_ld_fixed_v2.prune.in \	NONE	path	plink	unchecked
step11	--make-bed --out global_for_admixture_fixed_v2	NONE	path	NONE	unchecked
step11	# Final marker count after all corrections: 54,718 (vs. 60,279 in the original	54,718;60,279	conclusion	NONE	unchecked
step11	# uncorrected analysis; a 9.2% reduction)	9.2%	statistic	NONE	unchecked
step11	# The number of people analyzed is unchanged throughout: 3,595	3,595	conclusion	NONE	unchecked
step11	# (1,047 Uzbek + 2,548 international reference samples)	1,047;2,548	conclusion	NONE	unchecked
step11	# Run the ancestry-estimation software (ADMIXTURE, version 1.3.0) testing every	1.3	conclusion	ADMIXTURE	unchecked
step11	# possible number of ancestral groups from 2 to 8, with 32 parallel processing threads	2;8,;32	conclusion	NONE	unchecked
step11	# --cv: enable 5-fold cross-validation (predictive error for model selection)	5	path	NONE	unchecked
step11	# -j32: use 32 parallel threads for the EM algorithm	32	conclusion	NONE	unchecked
step11	for K in 2 3 4 5 6 7 8; do	2;3;4;5;6;7;8	conclusion	NONE	unchecked
step11	admixture --cv -j32 global_for_admixture_fixed_v2.bed $K \	NONE	path	admixture; global_for_admixture_fixed_v2.bed	unchecked
step11	> admixture_fixed_v2_K${K}.log 2>&1	2;1	conclusion	NONE	unchecked
step11	✅ Recalculation complete — all 8 group-counts (2 through 8) verified:	8;2;8	conclusion	NONE	unchecked
step11	An earlier attempt at this correction mistakenly ran on a stale, smaller 2,095-person dataset instead	2,095	conclusion	NONE	unchecked
step11	of the correct 3,595-person cohort used everywhere else on this site; that attempt was discarded.	3,595	conclusion	NONE	unchecked
step11	This run starts from the correct dataset: 4,954 strand-ambiguous DNA markers (out of 60,485) and 800	4,954;60,485;800	conclusion	NONE	unchecked
step11	leaving 54,718 markers for the ancestry calculation (down from 60,279 in the original analysis, a	54,718;60,279	count	NONE	unchecked
step11	9.2% reduction), on the same 3,595 people.	9.2%;3,595	statistic	NONE	unchecked
step11	Started on the Biotech2024 server, August 9 2026, 10:53 PDT,	9;2026,;10;53	conclusion	NONE	unchecked
step11	finished August 10, 2026.	10,;2026.	conclusion	NONE	unchecked
step11	All 8 group-counts are complete and verified directly against the actual	8	conclusion	NONE	unchecked
step11	3,595 people × 54,718 DNA markers	3,595;54,718	conclusion	NONE	unchecked
step11	After removing 4,954 strand-ambiguous markers, 800 markers in linked-block regions, and 13 more during final redundancy filtering	4,954;800;13	count	NONE	unchecked
step11	ADMIXTURE’s 5-fold cross-validation error measures predictive accuracy.	5	conclusion	ADMIXTURE	unchecked
step11	K | Model Fit ScoreAfter marker cleanup(54,718 markers) | Note |	54,718	count	NONE	unchecked
step11	2 | 0.30082 | AFR vs non-AFR split |	2;0.30082	conclusion	NONE	unchecked
step11	3 | 0.29015 | EAS separates |	3;0.29015	conclusion	NONE	unchecked
step11	4 | 0.28737 | SAS separates |	4;0.28737	conclusion	NONE	unchecked
step11	5 | 0.28555 | AMR / Central Asian component |	5;0.28555	conclusion	NONE	unchecked
step11	6 | 0.28516 | Uzbek-specific component appears (see §5) |	6;0.28516;5	conclusion	NONE	unchecked
step11	7 | 0.28496 | Plateau continues |	7;0.28496	conclusion	NONE	unchecked
step11	8 | 0.28480 | ← Lowest score, but improvement is now tiny (see below) |	8;0.28480	conclusion	NONE	unchecked
step11	Results, all 8 group-counts complete: the model-fit score keeps improving as more	8	conclusion	NONE	unchecked
step11	groups are added, all the way to 8 (0.30082 → 0.28480), the same never-quite-flattening pattern	8;0.30082;0.28480	conclusion	NONE	unchecked
step11	But the size of each improvement drops off sharply after 5 groups: the	5	conclusion	NONE	unchecked
step11	4→5 step improves the score by 0.00182, while every step from 5 groups onward is 5–10 times	4;5;0.00182;5;5;10	conclusion	NONE	unchecked
step11	smaller (5→6: 0.00039, 6→7: 0.00020, 7→8: 0.00016).	5;6;0.00039;6;7;0.00020;7;8	conclusion	NONE	unchecked
step11	to the original, uncorrected analysis: every value changed by under 0.1 percentage points — the	0.1	conclusion	NONE	unchecked
step11	groups as the working number (see Section 5 for why), not the technically-lowest-scoring 8, since the	5;8,	conclusion	NONE	unchecked
step11	3.1 Evanno Method (ΔK) — Dropped	3.1	conclusion	NONE	unchecked
step11	❌ Dropped from the corrected re-analysis (Aug 2026).	2026	conclusion	NONE	unchecked
step11	A March 2026 theoretical paper (Do & Terhorst, bioRxiv) proves ΔK-style methods can be	2026	conclusion	NONE	unchecked
step11	to K=2) — not just a practical quirk but a proven property under general conditions.	2	conclusion	NONE	unchecked
step11	error (Section 3 above) and sNMF cross-entropy (Section 3.2 below) are the statistically supported	3;3.2	conclusion	sNMF	unchecked
step11	K-selection criteria going forward; the historical Evanno tables (K=3 peak, both winter and spring runs)	3	conclusion	NONE	unchecked
step11	3.2 sNMF (Sparse Non-negative Matrix Factorization)	3.2	conclusion	sNMF	unchecked
step11	ADMIXTURE with sNMF (Frichot et al., 2014), implemented in the R package LEA (Bioconductor).	2014	conclusion	ADMIXTURE; sNMF	unchecked
step11	Regularization | None | L2 penalty (α) — reduces overfitting |	NONE	conclusion	NONE	unchecked
step11	Section 2), all 10 group-counts, 10 replicates each.	2;10;10	conclusion	NONE	unchecked
step11	2 | 0.406206 | 0.000137 | 0.405945 | 2 |	2;0.406206;0.000137;0.405945;2	conclusion	NONE	unchecked
step11	3 | 0.397744 | 0.000122 | 0.397540 | 2 |	3;0.397744;0.000122;0.397540;2	conclusion	NONE	unchecked
step11	4 | 0.395168 | 0.000408 | 0.394836 | 2 |	4;0.395168;0.000408;0.394836;2	conclusion	NONE	unchecked
step11	5 | 0.393241 | 0.000111 | 0.393035 | 2 |	5;0.393241;0.000111;0.393035;2	conclusion	NONE	unchecked
step11	6 | 0.393123 | 0.000115 | 0.392888 | 2 |	6;0.393123;0.000115;0.392888;2	conclusion	NONE	unchecked
step11	7 | 0.392958 | 0.000109 | 0.392796 | 2 |	7;0.392958;0.000109;0.392796;2	conclusion	NONE	unchecked
step11	8 | 0.392698 | 0.000139 | 0.392532 | 4 |	8;0.392698;0.000139;0.392532;4	conclusion	NONE	unchecked
step11	9 | 0.392683 | 0.000153 | 0.392386 | 2 |	9;0.392683;0.000153;0.392386;2	conclusion	NONE	unchecked
step11	10 | 0.392833 | 0.000180 | 0.392545 | 2 |	10;0.392833;0.000180;0.392545;2	conclusion	NONE	unchecked
step11	out at 9 groups, but the improvement from 5 groups onward is tiny (0.393241 → 0.392683, a 0.14%	9;5;0.393241;0.392683;0.14%	statistic	NONE	unchecked
step11	change across 4 more group-counts).	4	conclusion	NONE	unchecked
step11	Section 3 — neither method finds a clean stopping point on score alone.	3	conclusion	NONE	unchecked
step11	3 | 0.9989 | 0.9987 – 0.9990 |	3;0.9989;0.9987;0.9990	conclusion	NONE	unchecked
step11	5 | 0.9983 | 0.9966 – 0.9993 |	5;0.9983;0.9966;0.9993	conclusion	NONE	unchecked
step11	7 | 0.7075 | 0.2703 – 0.9973 |	7;0.7075;0.2703;0.9973	conclusion	NONE	unchecked
step11	This is a real, independent piece of evidence for using 5 groups as the working number.	5	conclusion	NONE	unchecked
step11	Two completely different methods (ADMIXTURE and sNMF) agree almost perfectly at 3 and 5 groups	3;5	conclusion	ADMIXTURE; sNMF	unchecked
step11	(r > 0.998 for every component) — but that agreement collapses at 7 groups, where	0.998;7	conclusion	NONE	unchecked
step11	one component correlates as low as r=0.27 between the two methods.	0.27	conclusion	NONE	unchecked
step11	are confidently describing the same structure at 5 groups, but start disagreeing about what	5	conclusion	NONE	unchecked
step11	the extra components even represent once you go to 7.	7.	conclusion	NONE	unchecked
step11	reference-group match and the replicate-seed stability check, for treating 5 as the trustworthy	5	conclusion	NONE	unchecked
step11	"geno_file <- vcf2geno(""global_for_admixture_fixed_v2.vcf"")"	NONE	conclusion	global_for_admixture_fixed_v2.vcf	unchecked
step11	obj <- snmf(geno_file, K = 2:10, repetitions = 10, entropy = TRUE,	2;10,;10,	conclusion	snmf	unchecked
step11	"alpha = 10, iterations = 200, tolerance = 1e-5, project = ""new"", CPU = 16)"	10,;200,;1e-5;16	p-value	NONE	unchecked
step11	# corrected panel (global_for_admixture_fixed_v2.{K}.Q), greedy 1-to-1 component	1;1	conclusion	NONE	unchecked
step11	# K=3: mean matched r = 0.9989 (range 0.9987-0.9990)	3;0.9989;0.9987;0.9990	conclusion	NONE	unchecked
step11	# K=5: mean matched r = 0.9983 (range 0.9966-0.9993)	5;0.9983;0.9966;0.9993	conclusion	NONE	unchecked
step11	# K=7: mean matched r = 0.7075 (range 0.2703-0.9973) <- methods diverge here	7;0.7075;0.2703;0.9973	conclusion	NONE	unchecked
step11	Total runtime: 10 replicates × K=2–10 = 90 runs on 16 CPU cores.	10;2;10;90;16	conclusion	NONE	unchecked
step11	3.3 Uzbek-Only Validation (ADMIXTURE + sNMF)	3.3	conclusion	ADMIXTURE; sNMF	unchecked
step11	population stratification exists, it would manifest as K > 2 being favoured.	2	conclusion	NONE	unchecked
step11	K | CV ErrorWinter 2025 | CV ErrorSpring 2026 | Note |	2025;2026	conclusion	NONE	unchecked
step11	2 | 0.30762 | 0.26309 | ← Minimum (both) |	2;0.30762;0.26309	conclusion	NONE	unchecked
step11	8 | 0.31627 | running… | |	8;0.31627	conclusion	NONE	unchecked
step11	Spring 2026 UZB-only: 1,047 samples × 294,597 LD-pruned variants.	2026;1,047;294,597	count	NONE	unchecked
step11	K=2 shows the minimum CV (0.26309), consistent with winter (0.30762).	2;0.26309;0.30762	conclusion	NONE	unchecked
step11	CV monotonically increases K=2 through K=7, confirming no significant internal substructure.	2;7,	conclusion	NONE	unchecked
step11	CV error increases monotonically from K=2 through K=8 (winter), and the same trend holds so far in spring (K=2 < K=3),	2;8;2;3	conclusion	NONE	unchecked
step11	The monotonic pattern across all 7 K-values is definitive.	7	conclusion	NONE	unchecked
step11	Individual-level view: each of the 1,047 Uzbek participants as one bar, sorted by their West-Eurasian-like	1,047	conclusion	NONE	unchecked
step11	component correlates at r=0.94 with the global run's European component, and the yellow component at	0.94	conclusion	NONE	unchecked
step11	r=0.95 with the global run's East Asian component (verified directly against global_for_admixture_fixed_v2.5.Q).	0.95	conclusion	global_for_admixture_fixed_v2.5.Q	unchecked
step11	2 | 0.425013 | 0.000322 | 0.424585 | 1 |	2;0.425013;0.000322;0.424585;1	conclusion	NONE	unchecked
step11	3 | 0.425046 | 0.000325 | 0.424631 | 1 |	3;0.425046;0.000325;0.424631;1	conclusion	NONE	unchecked
step11	4 | 0.425388 | 0.000335 | 0.424947 | 1 |	4;0.425388;0.000335;0.424947;1	conclusion	NONE	unchecked
step11	5 | 0.425985 | 0.000331 | 0.425570 | 9 |	5;0.425985;0.000331;0.425570;9	conclusion	NONE	unchecked
step11	6 | 0.426539 | 0.000436 | 0.425946 | 1 |	6;0.426539;0.000436;0.425946;1	conclusion	NONE	unchecked
step11	7 | 0.427069 | 0.000323 | 0.426616 | 1 |	7;0.427069;0.000323;0.426616;1	conclusion	NONE	unchecked
step11	8 | 0.427624 | 0.000299 | 0.427281 | 9 |	8;0.427624;0.000299;0.427281;9	conclusion	NONE	unchecked
step11	9 | 0.428241 | 0.000346 | 0.427853 | 9 |	9;0.428241;0.000346;0.427853;9	conclusion	NONE	unchecked
step11	10 | 0.428758 | 0.000330 | 0.428315 | 1 |	10;0.428758;0.000330;0.428315;1	conclusion	NONE	unchecked
step11	Cross-entropy increases monotonically from K=2 (0.4250) to K=10 (0.4288), independently confirming that Uzbeks	2;0.4250;10;0.4288	conclusion	NONE	unchecked
step11	2 | 0.997 | Near-perfect |	2;0.997	conclusion	NONE	unchecked
step11	5 | 0.801 | Components diverge at noise level |	5;0.801	conclusion	NONE	unchecked
step11	At K=2–3, sNMF and ADMIXTURE recover nearly identical ancestry proportions (r > 0.97).	2;3,;0.97	conclusion	sNMF; ADMIXTURE	unchecked
step11	By K=5, concordance drops to r = 0.80, confirming that higher K values	5,;0.80	conclusion	NONE	unchecked
step11	Interpretation: The K = 2 split within Uzbeks most likely reflects	2	conclusion	NONE	unchecked
step11	The practical interpretation is that K = 5 (matching the five known reference	5	conclusion	NONE	unchecked
step11	groups this study is anchored to, see Section 5) provides a useful descriptive resolution of	5	conclusion	NONE	unchecked
step11	ancestry variation for covariate adjustment, not proof that exactly 5 ancestral populations existed	5	conclusion	NONE	unchecked
step11	the marker cleanup described in Section 2.	2.	conclusion	NONE	unchecked
step11	4.1 Individual-Level View (Real Per-Person Data, K=5)	4.1;5	conclusion	NONE	unchecked
step11	all 3,595 individuals, sorted within their group by their own dominant ancestry component —	3,595	count	NONE	unchecked
step11	Built directly from the same corrected K=5 results as the rest of this page.	5	conclusion	NONE	unchecked
step11	Ancestry Composition at K=5 (Working Number)	5	conclusion	NONE	unchecked
step11	Calculated directly from the marker set described in Section 2, and double-checked against the	2,	conclusion	NONE	unchecked
step11	changed by under 0.6 percentage points — the cleanup did not materially alter the ancestry	0.6	conclusion	NONE	unchecked
step11	Why K=5, given that 6 groups currently scores slightly better? Five is used here as	5,;6	conclusion	NONE	unchecked
step11	The statistical fit score alone doesn't stop improving at any clean point (see Section 3), which is	3	conclusion	NONE	unchecked
step11	One finding worth noting, not ignoring: at 6 groups, the extra component isn't	6	conclusion	NONE	unchecked
step11	the Uzbek cohort itself (55% average, versus under 5% in every reference group), suggesting a	55%;5%	statistic	NONE	unchecked
step11	At K=5 with the superpopulation-level reference, five continental ancestry components resolve cleanly:	5	conclusion	NONE	unchecked
step11	Q1 | ■ | EAS (99.6%) | East Asian |	99.6%	statistic	NONE	unchecked
step11	Q2 | ■ | AFR (96.0%) | African |	96.0%	statistic	NONE	unchecked
step11	Q3 | ■ | AMR (43.0%) | Americas-specific (Native American-like) |	43.0%	statistic	NONE	unchecked
step11	Q4 | ■ | SAS (89.3%) | South Asian |	89.3%	statistic	NONE	unchecked
step11	Q5 | ■ | EUR (95.9%), UZB (47.3%) | European / West Eurasian |	95.9%;47.3%	statistic	NONE	unchecked
step11	5.2 Uzbek Cohort Ancestry Breakdown (K=5)	5.2;5	conclusion	NONE	unchecked
step11	Q5 | European / West Eurasian | 47.3% | Core West Eurasian ancestry (EUR + Central Asian) |	47.3%	statistic	NONE	unchecked
step11	Q1 | East Asian | 28.5% | Steppe / Turkic / Mongol heritage |	28.5%	statistic	NONE	unchecked
step11	Q4 | South Asian | 20.1% | Indo-Aryan substrate / trade contact |	20.1%	statistic	NONE	unchecked
step11	Q3 | Americas-specific | 3.6% | Shared Ancient North Eurasian ancestry |	3.6%	statistic	NONE	unchecked
step11	Q2 | African | 0.6% | Minimal — effectively absent |	0.6%	statistic	NONE	unchecked
step11	Central Asian complexity: With the superpopulation-level reference, the Uzbek cohort is ~47% West Eurasian,	47%	statistic	NONE	unchecked
step11	~29% East Asian, and ~20% South Asian.	29%;20%	statistic	NONE	unchecked
step11	The ~3.6% AMR-like component likely reflects	3.6%	statistic	NONE	unchecked
step11	Rerun on the corrected global_for_admixture_fixed_v2	NONE	conclusion	NONE	unchecked
step11	Q-matrices (1,026 samples matched to both covariates — all 8 group-counts complete).	1,026;8	count	NONE	unchecked
step11	Corrected 2026-10-02.	2026;10;02.	conclusion	NONE	unchecked
step11	Below: Kruskal–Wallis by sample ID (phenotype sheet column “Nationality of the subject”), groups Uzbek, Tajik, Russian, Tatar, Korean, Kazakh (n≥10 each; 1,011 of 1,047 Uzbek-cohort samples matched), new NYGC 30x reference run, seed 11.	10;1,011;1,047;30;11.	conclusion	NONE	unchecked
step11	Mean Q at K=4 (EUR-like, EAS-like, SAS-like, AFR-like): Uzbek 0.48/0.31/0.21/0.00, Tajik 0.55/0.22/0.23/0.00, Russian 0.85/0.09/0.06/0.00, Tatar 0.73/0.19/0.07/0.00, Korean 0.08/0.92/0.00/0.00.	4;0.48;0.31;0.21;0.00;0.55;0.22;0.23	conclusion	NONE	unchecked
step11	6.2 Birthplace (Geographic Origin)	6.2	conclusion	NONE	unchecked
step11	2 | Q1 / Q2 | 1.06 × 10−22 | 0.080 |	2;1.06;10;22;0.080	conclusion	NONE	unchecked
step11	3 | Q2 | 6.65 × 10−23 | 0.085 |	3;6.65;10;23;0.085	conclusion	NONE	unchecked
step11	4 | Q1 | 3.04 × 10−22 | 0.086 |	4;3.04;10;22;0.086	conclusion	NONE	unchecked
step11	5 | Q4 | 2.85 × 10−22 | 0.078 |	5;2.85;10;22;0.078	conclusion	NONE	unchecked
step11	6 | Q2 | 9.71 × 10−23 | 0.059 |	6;9.71;10;23;0.059	conclusion	NONE	unchecked
step11	7 | Q5 | 5.82 × 10−20 | 0.073 |	7;5.82;10;20;0.073	conclusion	NONE	unchecked
step11	8 | Q1 | 5.68 × 10−20 | 0.076 |	8;5.68;10;20;0.076	conclusion	NONE	unchecked
step11	Note: the numbered components (Q1, Q2, etc.) above are recalculated fresh for each group-count from	NONE	conclusion	NONE	unchecked
step11	will number a given ancestry group the same way twice — group 1 in one run might be group 3 in	1;3	conclusion	NONE	unchecked
step11	actually represents, use the component-assignment table in Section 5 above, not the number alone.	5	conclusion	NONE	unchecked
step11	6.3 Geographic Cline at K=7 (Corrected Data)	6.3;7	conclusion	NONE	unchecked
step11	Recalculated from the corrected K=7 results.	7	conclusion	NONE	unchecked
step11	At K=7, the East Asian reference group itself splits into	7,	conclusion	NONE	unchecked
step11	two sub-components, and a separate Uzbek-specific component also appears (see §5's note on this).	5	conclusion	NONE	unchecked
step11	Instead, this chart uses the component that the Kruskal–Wallis test in Section 6	6	conclusion	NONE	unchecked
step11	identified as most strongly tied to birthplace (component 5 of 7, p = 5.8×10−20)	5;7,;5.8×10−20)	p-value	NONE	unchecked
step11	Surkhandarya | 19 | 20.5% |	19;20.5%	statistic	NONE	unchecked
step11	Tashkent region | 154 | 19.2% |	154;19.2%	statistic	NONE	unchecked
step11	Kashkadarya | 56 | 15.7% |	56;15.7%	statistic	NONE	unchecked
step11	Tashkent city | 444 | 15.1% |	444;15.1%	statistic	NONE	unchecked
step11	Karakalpakstan | 41 | 11.2% |	41;11.2%	statistic	NONE	unchecked
step11	Geographic interpretation: This component ranges from ~8.5% (Fergana) to ~24.7%	8.5%;24.7%	statistic	NONE	unchecked
step11	a 3-fold difference, smaller than the ~7-fold spread reported in the original analysis, since some of	3;7	conclusion	NONE	unchecked
step11	that signal is now split across the extra components at K=7).	7	conclusion	NONE	unchecked
step11	At K=5 the Uzbek cohort is predominantly European (47.3%) and	5;47.3%	statistic	NONE	unchecked
step11	East Asian (28.5%), with a substantial South Asian (20.1%) component	28.5%;20.1%	statistic	NONE	unchecked
step11	— a three-way admixture not captured by any single 1000G reference population.	1000	conclusion	admixture	unchecked
step11	East Asian ancestry (~28.5% mean) represents Turkic-Mongol steppe heritage,	28.5%	statistic	NONE	unchecked
step11	Western Eurasian admixture (EUR + SAS, ~67.4%) reflects the Silk Road	67.4%	statistic	admixture	unchecked
step11	Ethnicity IS associated with ancestry components (p down to 1e-46); the earlier “56 non-significant tests” came from a sample-matching error.	1e-46;56	p-value	NONE	unchecked
step11	Birthplace-based ancestry proportions at K=5 should be used as covariates in	5	conclusion	NONE	unchecked
step11	global_admixture_v2/global_for_admixture_fixed_v2.bed/bim/fam | Dataset used for the results on this page, after removing strand-ambiguous markers and markers in known linked-block regions: 3,595 people × 54,718 DNA markers |	3,595;54,718	conclusion	global_admixture_v2/global_for_admixture_fixed_v2.bed	unchecked
step11	global_admixture_v2/ambiguous_snps.txt | List of the 4,954 strand-ambiguous marker IDs that were excluded |	4,954	path	global_admixture_v2/ambiguous_snps.txt	unchecked
step11	global_admixture/long_range_LD.txt | List of the 21 known large linked genome regions excluded (Price et al. 2008 / Anderson et al. 2010) |	21;2008;2010	path	global_admixture/long_range_LD.txt	unchecked
step11	global_admixture_v2/global_for_admixture_fixed_v2.{2-5}.Q | Ancestry results after the marker cleanup described above, testing 2 through 5 ancestral groups (complete) |	2;5;2;5	conclusion	NONE	unchecked
step11	global_admixture_v2/global_for_admixture_fixed_v2.{6-8}.Q | Same, testing 6 through 8 ancestral groups (complete) |	6;8;6;8	conclusion	NONE	unchecked
step11	spring2026/pbs/clusters.txt | Population and continental-group labels for every person, 3,595 rows |	3,595	statistic	spring2026/pbs/clusters.txt	unchecked
step11	Covariate validation output files have been regenerated from the corrected results for all 8	8	conclusion	NONE	unchecked
step11	ancestry group-counts (see Section 6).	6	conclusion	NONE	unchecked
step12	Step 12: PBS Functional Annotation - ALSU Pipeline	12	statistic	NONE	unchecked
step12	Correction (2026-10-02): The PBS candidates discussed on this page are artefacts of the 1000 Genomes GRCh38 reference file (ALL.chr*.shapeit2_integrated_v1a.GRCh38.20181129), in which the genotype at a few dozen sites depends on the sequencing batch 	2026;10;02;1000	statistic	NONE	unchecked
step12	PBS re-run after excluding the 285 discordant reference sites (cohort of 1,047) or 344 (expanded cohort of 1,256) gives no Tier 1, 2 or 3 candidates (maximum PBS 0.146).	285;1,047;344;1,256;1,;2;3;0.146	statistic	NONE	unchecked
step12	Step 12: PBS Functional Annotation	12	statistic	NONE	unchecked
step12	✅ Expanded cohort — August 2026 (5 candidates)	2026;5	conclusion	NONE	unchecked
step12	Original cohort (8 candidates) — March 2026	8;2026	conclusion	NONE	unchecked
step12	← View original 8-candidate annotation (archived)	8	conclusion	NONE	unchecked
step12	Expanded Cohort Results (August 2026)	2026	conclusion	NONE	unchecked
step12	only 5 candidates this round (down from 8 after Step 10's population-mislabeling bug fix, see	5;8;10	conclusion	NONE	unchecked
step12	Step 10) — not worth porting the full Python script for 5 lookups either	10;5	conclusion	NONE	unchecked
step12	Notable finding: 11:207698:C:T (rs56186913, BET1L/RIC8A 5′ UTR	11;207698;5	conclusion	NONE	unchecked
step12	region) is genome-wide significant (p = 6×10−14) for	6×10−14)	p-value	NONE	unchecked
step12	uterine leiomyoma and age at menarche in a large 2024 cross-trait GWAS	2024	conclusion	NONE	unchecked
step12	38191017, 35,474 cases / 267,505 controls).	38191017,;35,474;267,505	conclusion	NONE	unchecked
step12	Directly relevant to this study's reproductive-genetics focus — this SNP has UZB MAF 47.8%	47.8%	statistic	NONE	unchecked
step12	vs ≤9.1% in every 1000G reference population (see Step 10), making it	9.1%;1000;10	statistic	NONE	unchecked
step12	the most biologically interesting of the 5 candidates, not just the highest-PBS ones.	5	statistic	NONE	unchecked
step12	12:125520190:C:T | rs34013262 | TMEM132B | intron_variant |	12;125520190	conclusion	NONE	unchecked
step12	12:5664803:T:G | rs55643000 | ANO2 | intron_variant |	12;5664803	conclusion	NONE	unchecked
step12	5:53879140:C:A | rs786934 | ARL15 (4.8kb downstream) | downstream_gene_variant |	5;53879140;4.8	conclusion	NONE	unchecked
step12	13:104524666:T:C | rs72660963 | — (intergenic) | intergenic_variant |	13;104524666	conclusion	NONE	unchecked
step12	11:207698:C:T | rs56186913 | BET1L / RIC8A | 5_prime_UTR_variant |	11;207698;5	conclusion	NONE	unchecked
step12	Uterine leiomyoma; age at menarche (p=6e-14) | None |	6e-14	p-value	NONE	unchecked
step12	None (6 tissues incl.	6	conclusion	NONE	unchecked
step12	was checked for all 5 SNPs, plus 5 additional tissues (Uterus, Ovary, Liver, Artery Aorta,	5;5	count	NONE	unchecked
step12	GTEx v8 has 49 tissues total —	49	conclusion	NONE	unchecked
step12	"a ""None"" GTEx result here means ""no eQTL found in the ~6 tissues checked,"" not ""no eQTL exists."""	6	conclusion	NONE	unchecked
step12	The 8 PBS candidate SNPs identified in Step 10 (original cohort) are annotated using	8;10	statistic	NONE	unchecked
step12	Section 0 above documents the expanded cohort's 5-candidate reannotation; the rest of	0;5	conclusion	NONE	unchecked
step12	this page (Sections 1–6) is the original cohort's 8-candidate results, preserved for	1;6;8	conclusion	NONE	unchecked
step12	8 candidate SNPs with PBS scores, MAF, and tier classification (original cohort) |	8	statistic	NONE	unchecked
step12	3.1 Ensembl VEP (Variant Effect Predictor)	3.1	conclusion	Ensembl VEP	unchecked
step12	# Ensembl VEP — POST batch request (up to 100 variants per request)	100	count	Ensembl VEP	unchecked
step12	"""variants"": [""9 104189856 ."	9;104189856	conclusion	NONE	unchecked
step12	Rate limit: ~15 requests/sec (0.07 s/request)	15;0.07	conclusion	NONE	unchecked
step12	Returns: trait name, p-value, PubMed ID (top 5 hits per SNP)	5	p-value	NONE	unchecked
step12	Rate limit: ~3 requests/sec (0.3 s/request)	3;0.3	conclusion	NONE	unchecked
step12	# Step 1: Search for ClinVar records by rsID	1	conclusion	NONE	unchecked
step12	# Step 2: Retrieve clinical significance	2	conclusion	NONE	unchecked
step12	Rate limit: 3 requests/sec without API key (0.35 s/request)	3;0.35	conclusion	NONE	unchecked
step12	GET https://gtexportal.org/api/v2/association/singleTissueEqtl	NONE	conclusion	NONE	unchecked
step12	- Brain_Frontal_Cortex_Ba9	NONE	conclusion	NONE	unchecked
step12	Rate limit: ~5 requests/sec (0.2 s/request)	5;0.2	conclusion	NONE	unchecked
step12	3.5 Running the Annotation Script	3.5	conclusion	NONE	unchecked
step12	python3 annotate_uzb_snps.py	NONE	path	annotate_uzb_snps.py	unchecked
step12	Loading 8 PBS candidate SNPs...	8	statistic	NONE	unchecked
step12	[1/4] Querying Ensembl VEP... 1 batch (8 variants)	1;4;1;8	count	Ensembl VEP	unchecked
step12	[2/4] Querying GWAS Catalog... 8 rsIDs	2;4;8	conclusion	NONE	unchecked
step12	[3/4] Querying ClinVar... 8 rsIDs	3;4;8	conclusion	NONE	unchecked
step12	[4/4] Querying GTEx eQTL... 8 rsIDs x 5 tissues	4;4;8;5	conclusion	NONE	unchecked
step12	has not yet been completed for the final 8-candidate set.	8	conclusion	NONE	unchecked
step12	PBS triangle: UZB–EUR–EAS (77,111 LD-pruned SNPs; 3,595 samples).	77,111;3,595	count	NONE	unchecked
step12	Population counts: UZB=1,047, EUR=522, EAS=515, SAS=492, AFR=671.	1,047,;522,;515,;492,;671.	conclusion	NONE	unchecked
step12	Candidate filter: Tier 1 (PBS ≥ 0.3) OR Tier 2 (|ΔAF| ≥ 0.3) OR Tier 3 (near-private).	1;0.3;2;0.3;3	statistic	NONE	unchecked
step12	uzbek_snp_annotations.json | Full annotation for all candidates (27 fields per SNP) |	27	path	uzbek_snp_annotations.json	unchecked
step12	Step 13: LD Analysis — LD clumping and decay analysis of PBS candidates.	13	statistic	NONE	unchecked
step12	Step 14: Fst & MDS — Pairwise FST matrix and multidimensional scaling.	14	statistic	NONE	unchecked
step13	Step 13: LD Analysis - ALSU Pipeline	13	conclusion	NONE	unchecked
step13	Correction (2026-10-02): the PBS candidates tested on this page are artefacts of the 1000 Genomes GRCh38 reference file (batch-dependent genotypes at a few dozen sites).	2026;10;02;1000	statistic	NONE	unchecked
step13	In addition, clumping used a 1 Mb window and r2 was computed within 5 Mb, so it could not test the chr12 loci (17-100 Mb apart) against each other; their independence was later confirmed directly (r2 about 0 in the Uzbek cohort).	1;5;17;100;0	statistic	NONE	unchecked
step13	✓ Expanded cohort — August 2026 (1,256 samples)	2026;1,256	count	NONE	unchecked
step13	Original cohort (1,047 samples) — March 2026	1,047;2026	count	NONE	unchecked
step13	← View original 1,047-sample cohort results (archived, not directly comparable on this page)	1,047	conclusion	NONE	unchecked
step13	Cohort expansion (August 2026): This page reflects the expanded cohort.	2026	conclusion	NONE	unchecked
step13	candidate list changed from 8 to 5 Tier-1 SNPs after the population-mislabeling bug fix (see	8;5;1	count	NONE	unchecked
step13	Step 10), so this page now analyzes 5 candidates, not 8.	10;5;8.	conclusion	NONE	unchecked
step13	To determine whether the 5 PBS candidate SNPs from Step 10 (expanded	5;10	statistic	NONE	unchecked
step13	Goal: (1) Identify how many of the 5 PBS candidates are truly independent signals,	1;5	statistic	NONE	unchecked
step13	and (2) characterize the LD landscape of the Uzbek population for future fine-mapping analyses.	2	conclusion	NONE	unchecked
step13	5 PBS candidate SNPs (expanded cohort) |	5	statistic	NONE	unchecked
step13	UZB_1kG_merged.{bed,bim,fam} |	NONE	conclusion	NONE	unchecked
step13	Merged dataset for LD reference (3,804 samples × 83,091 SNPs) |	3,804;83,091	count	NONE	unchecked
step13	Uzbek QC-passed dataset for LD decay (1,256 samples × 5.36M SNPs) |	1,256;5.36	count	NONE	unchecked
step13	3.1 LD Clumping (Independent Loci)	3.1	conclusion	NONE	unchecked
step13	±1000 kb with r² ≥ 0.5 are merged into the same locus, with the highest-PBS	1000;0.5	statistic	NONE	unchecked
step13	# --clump-p1 1: p-value threshold for index (lead) SNPs (1 = accept all)	1;1	p-value	NONE	unchecked
step13	# --clump-p2 1: p-value threshold for proxy SNPs (1 = accept all)	1;1	p-value	NONE	unchecked
step13	# --clump-r2 0.5: r² threshold — SNPs with r² ≥ 0.5 to lead are grouped into same locus	0.5;0.5	statistic	NONE	unchecked
step13	# --clump-kb 1000: physical distance window (±1000 kb) for LD lookup around each lead	1000;1000	path	NONE	unchecked
step13	plink --bfile UZB_1kG_merged \	NONE	path	plink	unchecked
step13	5 variants loaded from pbs_clump_pval.txt.	5	count	pbs_clump_pval.txt	unchecked
step13	5 clumps formed from 5 top variants.	5;5	conclusion	NONE	unchecked
step13	3.2 Pairwise LD Among Candidates	3.2	conclusion	NONE	unchecked
step13	Compute pairwise r² among all 5 PBS candidates to verify independence.	5	statistic	NONE	unchecked
step13	r² ≥ 0.1 within ±5000 kb are reported:	0.1;5000	statistic	NONE	unchecked
step13	# --r2: compute pairwise LD (squared correlation of allele counts)	NONE	statistic	NONE	unchecked
step13	# --ld-window-kb 5000: max physical distance between pairs (5 Mb)	5000;5	path	NONE	unchecked
step13	# --ld-window 99999: max SNP-index distance (effectively unlimited)	99999	path	NONE	unchecked
step13	# --ld-window-r2 0.1: minimum r² to include in output (filters noise)	0.1	statistic	NONE	unchecked
step13	plink --bfile UZB_1kG_merged \	NONE	path	plink	unchecked
step13	Result: 0 pairs with r² ≥ 0.1 — all 5 PBS candidates are in independent loci.	0;0.1;5	count	NONE	unchecked
step13	To characterize background LD in the Uzbek population, we sample 3,000 random SNPs from	3,000	conclusion	NONE	unchecked
step13	the full QC-passed dataset and compute pairwise r² up to ±2 Mb, then bin into	2	statistic	NONE	unchecked
step13	# Sample 3,000 SNPs (reproducible seed)	3,000	count	NONE	unchecked
step13	# shuf -n 3000: randomly select 3,000 lines from stdin	3000;3,000	conclusion	NONE	unchecked
step13	# --random-source=<(yes 42): deterministic pseudo-random seed for reproducibility	42	path	NONE	unchecked
step13	"# (process substitution feeds infinite ""42\n"" as entropy source to shuf)"	42	conclusion	NONE	unchecked
step13	awk '{print $2}' UZB_imputed_HQ_qc.bim | shuf -n 3000 --random-source=<(yes 42) > decay_snps.txt	2;3000;42	path	UZB_imputed_HQ_qc.bim; decay_snps.txt	unchecked
step13	# Compute pairwise r² (all pairs within 2 Mb, report all r² including 0)	2;0	statistic	NONE	unchecked
step13	# --ld-window-r2 0.0: report ALL pairs including r²=0 (needed for unbiased decay curve)	0.0;0	statistic	NONE	unchecked
step13	# Bin into 50kb windows (same-chromosome pairs only)	50	conclusion	NONE	unchecked
step13	# PLINK .ld columns: $1=CHR_A $2=BP_A $3=SNP_A $4=CHR_B $5=BP_B $6=SNP_B $7=R2	1;2;3;4;5;6;7	statistic	PLINK	unchecked
step13	awk 'NR>1 { # NR>1: skip header row	1;1	conclusion	NONE	unchecked
step13	dist = ($5 > $2) ? ($5 - $2) : ($2 - $5); # absolute distance in bp	5;2;5;2;2;5	conclusion	NONE	unchecked
step13	if ($1 == $4) { # same-chromosome pairs only	1;4	conclusion	NONE	unchecked
step13	bin = int(dist / 50000) * 50; # 50 kb bins, labeled in kb	50000;50;50	conclusion	NONE	unchecked
step13	sum[bin] += $7; # accumulate r² values	7	statistic	NONE	unchecked
step13	"for (b in sum) printf ""%d\t%.6f\t%d\n"", b, sum[b]/count[b], count[b]"	NONE	statistic	NONE	unchecked
step13	Interpretation: All 5 PBS candidates reside on separate chromosomes or are	5	statistic	NONE	unchecked
step13	far enough apart (with r² < 0.1) to represent independent loci.	0.1	statistic	NONE	unchecked
step13	Mean r² by genomic distance (50 kb bins), computed from 3,000 sampled SNPs in the	50;3,000	statistic	NONE	unchecked
step13	Uzbek QC-passed dataset (1,256 samples, expanded cohort):	1,256	count	NONE	unchecked
step13	LD Decay Summary: r² drops from 0.207 at 0–50 kb to 0.069 at 50–100 kb	0.207;0;50;0.069;50;100	statistic	NONE	unchecked
step13	(a 3.0-fold drop), reaching background levels (~0.0015) by 1,500 kb.	3.0;0.0015;1,500	conclusion	NONE	unchecked
step13	higher starting r² than the original cohort (0.175→0.040, 4.4-fold), consistent with	0.175;0.040;4.4	statistic	NONE	unchecked
step13	ld_decay.ld | Raw pairwise r² for 3,000 sampled SNPs |	3,000	statistic	NONE	unchecked
step13	ld_decay_binned.tsv | Binned LD decay curve (50 kb windows) |	50	path	ld_decay_binned.tsv	unchecked
step13	Step 14: Fst & MDS — Pairwise FST matrix and multidimensional scaling across all populations.	14	statistic	NONE	unchecked
step13	Step 15: ROH & IBD — Runs of homozygosity and identity-by-descent analysis.	15	conclusion	NONE	unchecked
step14	Step 14: Fst Heatmap & MDS — ALSU Pipeline	14	statistic	NONE	unchecked
step14	Step 14: Pairwise FST & MDS	14	statistic	NONE	unchecked
step14	🧬 Expanded cohort • 5 populations • 83,091 SNPs • August 2026	5;83,091;2026	count	NONE	unchecked
step14	← View original 1,047-sample cohort results (archived, not directly comparable on this page)	1,047	conclusion	NONE	unchecked
step14	Cohort expansion + GRCh38 canonical (August 2026): This page reflects the expanded cohort	2026	conclusion	NONE	unchecked
step14	(1,256 Uzbek samples) on the corrected, B2/B4-filtered, GRCh38 SNP set (83,091 markers) — see	1,256;83,091	count	NONE	unchecked
step14	"supersedes the ""in progress"" B2/B4 correction note from the original page below."	NONE	conclusion	NONE	unchecked
step14	Weir & Cockerham's FST estimates (via PLINK 1.9) measure allele frequency differentiation	1.9	statistic	PLINK	unchecked
step14	between all 10 pairwise combinations of 5 populations: UZB (Uzbek, n=1,256),	10;5;1,256	count	NONE	unchecked
step14	EUR (European, n=503), SAS (South Asian, n=489),	503;489	count	NONE	unchecked
step14	EAS (East Asian, n=504), and AFR (African, n=660).	504;660	count	NONE	unchecked
step14	All computations use the same LD-pruned, B2/B4-corrected SNP set (83,091 markers) from the global merged dataset.	83,091	count	NONE	unchecked
step14	Key finding: Uzbek population is equidistant from South Asians (FST = 0.0145)	0.0145	statistic	NONE	unchecked
step14	and Europeans (0.0150), consistent with its position at the crossroads of Indo-Iranian and European ancestry.	0.0150	conclusion	NONE	unchecked
step14	UZB–EAS distance (0.0396) is less than half of EUR–EAS (0.0866), confirming Uzbek as a genuine	0.0396;0.0866	conclusion	NONE	unchecked
step14	All values within 0.002 of the original cohort,	0.002	conclusion	NONE	unchecked
step14	Color scale: green (low differentiation, FST < 0.05)	0.05	statistic	NONE	unchecked
step14	→ orange (moderate, 0.05–0.10)	0.05;0.10	conclusion	NONE	unchecked
step14	UZB | — | 0.0145 | 0.0150 | 0.0396 | 0.1283 |	0.0145;0.0150;0.0396;0.1283	conclusion	NONE	unchecked
step14	SAS | 0.0145 | — | 0.0313 | 0.0574 | 0.1273 |	0.0145;0.0313;0.0574;0.1273	conclusion	NONE	unchecked
step14	EUR | 0.0150 | 0.0313 | — | 0.0866 | 0.1389 |	0.0150;0.0313;0.0866;0.1389	conclusion	NONE	unchecked
step14	EAS | 0.0396 | 0.0574 | 0.0866 | — | 0.1648 |	0.0396;0.0574;0.0866;0.1648	conclusion	NONE	unchecked
step14	AFR | 0.1283 | 0.1273 | 0.1389 | 0.1648 | — |	0.1283;0.1273;0.1389;0.1648	conclusion	NONE	unchecked
step14	All values are genome-wide averages across 83,091	83,091	conclusion	NONE	unchecked
step14	markers with valid estimates (expanded cohort, B2/B4-corrected GRCh38 panel).	NONE	conclusion	NONE	unchecked
step14	Classical (metric) multidimensional scaling projects the 5 × 5 FST distance matrix	5;5	statistic	NONE	unchecked
step14	into 2D, preserving inter-population distances as faithfully as possible.	2	conclusion	NONE	unchecked
step14	MDS Projection (Dimension 1 vs 2)	1;2	conclusion	NONE	unchecked
step14	1 | SAS | 0.0145 | Very low |	1;0.0145	conclusion	NONE	unchecked
step14	2 | EUR | 0.0150 | Very low |	2;0.0150	conclusion	NONE	unchecked
step14	3 | EAS | 0.0396 | Moderate |	3;0.0396	conclusion	NONE	unchecked
step14	Equidistant from SAS (0.0145) and EUR (0.0150) — reflects deep Indo-Iranian ancestry shared across Central	0.0145;0.0150	conclusion	NONE	unchecked
step14	Moderate distance to EAS (0.0396) — Turkic and Mongol contributions.	0.0396	conclusion	NONE	unchecked
step14	is less than half of EUR–EAS (0.0866), quantifying the East Asian admixture.	0.0866	conclusion	admixture	unchecked
step14	populations similarly (UZB 0.1283 vs EUR 0.1389).	0.1283;0.1389	conclusion	NONE	unchecked
step14	EUR–SAS cluster together (FST = 0.0313) — Western Eurasian affinity.	0.0313	statistic	NONE	unchecked
step14	EAS forms a distinct cluster from Western Eurasians (0.0574–0.0866).	0.0574;0.0866	conclusion	NONE	unchecked
step14	Pair | Our Value | Published (1000G Phase 3) | Note |	1000;3	conclusion	NONE	unchecked
step14	EUR–EAS | 0.0866 | 0.100–0.115 | ⚠️ Below range — reflects LD-pruned marker set |	0.0866;0.100;0.115	conclusion	NONE	unchecked
step14	EUR–AFR | 0.1389 | 0.130–0.160 | ✅ Within range |	0.1389;0.130;0.160	conclusion	NONE	unchecked
step14	EAS–AFR | 0.1648 | 0.150–0.190 | ✅ Within range |	0.1648;0.150;0.190	conclusion	NONE	unchecked
step14	EUR–SAS | 0.0313 | 0.020–0.040 | ✅ Within range |	0.0313;0.020;0.040	conclusion	NONE	unchecked
step14	EAS–SAS | 0.0574 | 0.055–0.080 | ✅ Within range |	0.0574;0.055;0.080	conclusion	NONE	unchecked
step14	All reference-population Fst values fall within expected ranges from published 1000 Genomes studies, validating our merged dataset and QC pipeline.	1000	statistic	NONE	unchecked
step14	FST estimation: PLINK v1.9 --fst implementing the	NONE	statistic	PLINK	unchecked
step14	Weir & Cockerham (1984) estimator.	1984	conclusion	NONE	unchecked
step14	Computed on 83,091 LD-pruned, B2/B4-corrected biallelic SNPs from the	83,091	conclusion	NONE	unchecked
step14	"global merged dataset (UZB + 1000 Genomes Phase 3: EUR, EAS, SAS, AFR), GRCh38. ""Weighted FST"""	1000;3	statistic	NONE	unchecked
step14	The 2D projection captures the dominant axes of population differentiation.	2	conclusion	NONE	unchecked
step14	UZB (Uzbek) | 1,256 | Expanded ALSU cohort (post-QC, incl. 48redone + GWAS2026 + GWAS2026-2) |	1,256;48;2	conclusion	NONE	unchecked
step14	EUR (European) | 503 | 1000G Phase 3 (CEU, GBR, FIN, IBS, TSI) |	503;1000;3	conclusion	NONE	unchecked
step14	EAS (East Asian) | 504 | 1000G Phase 3 (CHB, JPT, CHS, CDX, KHV) |	504;1000;3	conclusion	NONE	unchecked
step14	SAS (South Asian) | 489 | 1000G Phase 3 (GIH, PJL, BEB, STU, ITU) |	489;1000;3	conclusion	NONE	unchecked
step14	AFR (African) | 660 | 1000G Phase 3 (YRI, LWK, GWD, MSL, ESN, ACB, ASW) |	660;1000;3	conclusion	NONE	unchecked
step14	plink --bfile UZB_1kG_merged \	NONE	path	plink	unchecked
step14	# Remaining 5 pairs (EUR-SAS, EUR-AFR, EAS-SAS, EAS-AFR, SAS-AFR)	5	count	NONE	unchecked
step14	# computed in step14_fst_matrix/ using the same pipeline, Aug 13 2026	13;2026	statistic	NONE	unchecked
step14	Server: Biotech2024 (100.104.25.22), 515 GB RAM	100.104;515	conclusion	NONE	unchecked
step14	Date: Recalculation: August 2026, using post-QC 1,256 Uzbek samples (expanded cohort)	2026,;1,256	conclusion	NONE	unchecked
step14	SNPs per pair: 83,091 LD-pruned, B2/B4-corrected SNPs (global merged dataset, GRCh38)	83,091	conclusion	NONE	unchecked
step14	Run time: ~1 second per pair (fast — genome-wide Fst is a simple allele frequency comparison)	1	statistic	NONE	unchecked
step15	Step 15: ROH & IBD Analysis — ALSU Pipeline	15	conclusion	NONE	unchecked
step15	Step 15: Runs of Homozygosity & IBD	15	conclusion	NONE	unchecked
step15	🧬 Step 15 of 15 • 1,256 samples (expanded cohort) • 5,358,770 SNPs	15;15;1,256;5,358,770	count	NONE	unchecked
step15	← View original 1,047-sample cohort results (archived, not directly comparable on this page)	1,047	conclusion	NONE	unchecked
step15	Cohort expansion (August 2026): This page reflects the expanded cohort (1,256 samples).	2026;1,256	count	NONE	unchecked
step15	bug was found and fixed this round: the initial IBD run silently returned 0 pairs in every category because	0	count	NONE	unchecked
step15	dataset using rsIDs — a script-level 2>&1 | tail -20 pipe also masked the failure from	2;1;-20	conclusion	NONE	unchecked
step15	Per-individual ROH burden (expanded cohort, N = 1,256): mean 35.8	1,256;35.8	count	NONE	unchecked
step15	segments per individual (median 31); mean total ROH length 54.2 Mb per individual	31;54.2	conclusion	NONE	unchecked
step15	(median 42.4 Mb); cohort-wide total ≈68,075 Mb (≈68.1 Gb).	42.4;68,075;68.1	conclusion	NONE	unchecked
step15	These per-individual figures appear in the 2026 interim report (§3.15) and are recorded here so the	2026;3.15	conclusion	NONE	unchecked
step15	Key finding: Median FROH = 0.0147 is comparable to outbred European populations	0.0147	conclusion	NONE	unchecked
step15	(~0.01–0.02) and nearly identical to the original cohort (0.0148).	0.01;0.02;0.0148	conclusion	NONE	unchecked
step15	individuals (35 with FROH > 0.0625, 2.8% of the expanded cohort vs 2.7% originally)	35;0.0625;2.8%;2.7%	statistic	NONE	unchecked
step15	Admixture-aware follow-up: The merged ALSU+GWAS2026 relatedness screen was re-evaluated with	NONE	conclusion	Admixture	unchecked
step15	Step 11 ADMIXTURE distances, PC-AiR/PC-Relate, and RelateAdmix.	11	conclusion	ADMIXTURE; PC-Relate	unchecked
step15	PLINK 1.9 --homozyg was run on the Uzbek post-QC dataset (1,256 × 5,358,770 SNPs,	1.9;1,256;5,358,770	count	PLINK	unchecked
step15	--homozyg-window-missing 5 \	5	path	NONE	unchecked
step15	--homozyg-window-threshold 0.05 \	0.05	path	NONE	unchecked
step15	--homozyg-kb | 1000 | Minimum ROH length 1,000 kb — focuses on long ROH reflecting recent consanguinity |	1000;1,000	path	NONE	unchecked
step15	--homozyg-snp | 50 | Minimum 50 SNPs per ROH — avoids sparse-coverage artefacts |	50;50	count	NONE	unchecked
step15	--homozyg-window-snp | 50 | Scanning window of 50 SNPs |	50;50	count	NONE	unchecked
step15	--homozyg-density | 50 | Max 50 kb/SNP density — ensures ROH are in SNP-dense regions |	50;50	path	NONE	unchecked
step15	--homozyg-gap | 1000 | Max 1 Mb gap between consecutive SNPs within a ROH |	1000;1	path	NONE	unchecked
step15	--homozyg-window-het | 1 | Max 1 heterozygous call per scanning window (allows for genotyping error) |	1;1	path	NONE	unchecked
step15	--homozyg-window-missing | 5 | Max 5 missing genotypes per window before excluding that region |	5;5	path	NONE	unchecked
step15	--homozyg-window-threshold | 0.05 | Min proportion (5%) of overlapping homozygous windows to call a ROH |	0.05;5%	statistic	NONE	unchecked
step15	Minimum | 12 | 15.56 | 0.0054 |	12;15.56;0.0054	conclusion	NONE	unchecked
step15	25th percentile | 27 | 36.36 | 0.0126 |	25;27;36.36;0.0126	conclusion	NONE	unchecked
step15	Median | 35 | 42.43 | 0.0147 |	35;42.43;0.0147	conclusion	NONE	unchecked
step15	Mean | 35.8 | 54.16 | 0.0188 |	35.8;54.16;0.0188	conclusion	NONE	unchecked
step15	75th percentile | 38 | 51.81 | 0.0180 |	75;38;51.81;0.0180	conclusion	NONE	unchecked
step15	Maximum | 147 | 323.72 | 0.1124 |	147;323.72;0.1124	conclusion	NONE	unchecked
step15	where Lgenome = 2,881 Mb (autosomal genome covered by the SNP array).	2,881	conclusion	NONE	unchecked
step15	14-79m | 147 | 323.72 | 0.1124 |	14;79;147;323.72;0.1124	conclusion	NONE	unchecked
step15	312-AM | 135 | 309.01 | 0.1073 |	312;135;309.01;0.1073	conclusion	NONE	unchecked
step15	14-20m | 127 | 302.60 | 0.1050 |	14;20;127;302.60;0.1050	conclusion	NONE	unchecked
step15	03-160 | 127 | 293.77 | 0.1020 |	03;160;127;293.77;0.1020	conclusion	NONE	unchecked
step15	02-35 | 115 | 279.57 | 0.0970 |	02;35;115;279.57;0.0970	conclusion	NONE	unchecked
step15	FROH > 0.0625 corresponds to parents who are at least 1st cousins.	0.0625;1	conclusion	NONE	unchecked
step15	08-227 | 12 | 15.56 | 0.0054 |	08;227;12;15.56;0.0054	conclusion	NONE	unchecked
step15	08-416 | 16 | 20.58 | 0.0071 |	08;416;16;20.58;0.0071	conclusion	NONE	unchecked
step15	As few as 12 ROH segments totaling ~15.6 Mb — compatible with outbred ancestry and no recent consanguinity.	12;15.6	conclusion	NONE	unchecked
step15	The histogram below shows the distribution of genomic inbreeding coefficients across all 1,256	1,256	conclusion	NONE	unchecked
step15	• FROH < 0.0156 — no evidence of recent parental relatedness (outbred)	0.0156	conclusion	NONE	unchecked
step15	• 0.0156 – 0.0625 — background consanguinity, consistent with 3rd–4th cousin parents	0.0156;0.0625;3;4	conclusion	NONE	unchecked
step15	• 0.0625 – 0.125 — parents likely 1st cousins or equivalent (6.25% of genome identical-by-descent)	0.0625;0.125;1;6.25%	statistic	NONE	unchecked
step15	• FROH > 0.125 — parents closer than 1st cousins (half-siblings or double 1st cousins)	0.125;1;1	conclusion	NONE	unchecked
step15	Notable: Chromosome 1 has the highest ROH count (5,495, expanded cohort), consistent	1;5,495,	conclusion	NONE	unchecked
step15	with its large physical size (249 Mb).	249	conclusion	NONE	unchecked
step15	Chromosome 21 has the fewest ROH (208), reflecting its small	21;208	conclusion	NONE	unchecked
step15	The original cohort's top chromosome was chr2 (3,590) — this shift is a genuine	3,590	conclusion	NONE	unchecked
step15	IBD was estimated using PLINK 1.9 --genome on the LD-pruned dataset	1.9	path	PLINK	unchecked
step15	(1,256 samples, 87,573 SNPs, expanded cohort) with --min 0.05.	1,256;87,573;0.05	count	NONE	unchecked
step15	produces PI_HAT (proportion of genome shared IBD) for every pair, along with Z0, Z1, Z2 (probabilities of	NONE	conclusion	NONE	unchecked
step15	sharing 0, 1, or 2 alleles IBD).	0,;1,;2	conclusion	NONE	unchecked
step15	1st cousins or equivalent |	1	conclusion	NONE	unchecked
step15	Note on duplicates: The post-QC dataset has 0 duplicate/MZ pairs, as duplicates	0	conclusion	NONE	unchecked
step15	were already removed during quality control (Step 7, --mind 0.05).	7,;0.05	path	NONE	unchecked
step15	Post-QC sample count: N = 1,256	1,256	count	NONE	unchecked
step15	(expanded cohort). 2nd-degree count increased more than proportionally (2→9) relative to the	2;2;9	conclusion	NONE	unchecked
step15	~20% sample-size increase — a genuine observation from the expanded cohort, not yet further investigated.	20%	statistic	NONE	unchecked
step15	The vast majority of pairs (99.1%) share < 5% of their genome IBD, as expected for unrelated	99.1%;5%	statistic	NONE	unchecked
step15	The analysis on LD-pruned variants (87.6K SNPs, expanded cohort) with --min 0.05 threshold	87.6;0.05	path	NONE	unchecked
step15	Implications for GWAS: With 11 pairs at 2nd degree or closer and 602 3rd-degree pairs,	11;2;602;3	count	NONE	unchecked
step15	Cross-method admixture-aware validation (May 2026):	2026	conclusion	admixture	unchecked
step15	The merged ALSU+GWAS2026 dataset (1,193 samples, 104,411 LD-pruned SNPs) was analysed with	1,193;104,411	count	NONE	unchecked
step15	6,228 pairs with PI_HAT ≥ 0.185; 4,494 were PI_HAT-only discordant	6,228;0.185;4,494	count	NONE	unchecked
step15	(absent from KING at kinship ≥ 0.0884 — discordance rate 72%).	0.0884;72%	statistic	KING	unchecked
step15	PI_HAT-only discordant pairs showed higher Step 11 K=5 Q-vector distances	11;5	conclusion	NONE	unchecked
step15	(mean 0.160 vs. 0.130 for concordant pairs), consistent with ancestry-structure inflation of PI_HAT.	0.160;0.130	conclusion	NONE	unchecked
step15	PC-Relate supported only 5 of 4,494 PI_HAT-only pairs (kinship ≥ 0.0884).	5;4,494;0.0884	conclusion	PC-Relate	unchecked
step15	RelateAdmix supported only 1 of 4,494 PI_HAT-only pairs.	1;4,494	conclusion	NONE	unchecked
step15	Updated with expanded-cohort data (2026-08-15): Step 11's Uzbek-only ADMIXTURE rerun	2026;08;15;11	conclusion	ADMIXTURE	unchecked
step15	(single seed, K=2–8) is now complete — see Step 11 for the full	2;8;11	conclusion	NONE	unchecked
step15	This section now reflects the expanded cohort's own K=2	2	conclusion	NONE	unchecked
step15	Using ADMIXTURE K=2 ancestry proportions (Q2: European-like component, mean 0.615;	2;0.615	conclusion	ADMIXTURE	unchecked
step15	component, mean 0.385; expanded cohort, 1,256 samples), we can examine whether	0.385;1,256	count	NONE	unchecked
step15	elevated at both extremes of the ancestry distribution (Q1 < 0.3 or Q1 > 0.8) where individuals	0.3;0.8	conclusion	NONE	unchecked
step15	Median FROH = 0.0147 — comparable to outbred European and South Asian populations, nearly identical to the original cohort (0.0148)	0.0147;0.0148	conclusion	NONE	unchecked
step15	~2.8% of individuals (35) have FROH > 0.0625, suggesting 1st-cousin-level parental consanguinity	2.8%;35;0.0625;1	statistic	NONE	unchecked
step15	Minimal cryptic relatedness (11 pairs at 2nd degree or closer in 1,256 samples)	11;2;1,256	count	NONE	unchecked
step15	Kinship filter: Remove one individual from each pair with PI_HAT > 0.125, or use GRM-based mixed models	0.125	conclusion	NONE	unchecked
step15	UK Biobank (British) | 0.008–0.012 | 3–4× lower |	0.008;0.012;3;4	conclusion	NONE	unchecked
step15	South Asian (1000G SAS) | 0.015–0.025 | 1.3–2× lower |	1000;0.015;0.025;1.3;2	conclusion	NONE	unchecked
step15	Uzbek (this study) | 0.0147 | Reference |	0.0147	conclusion	NONE	unchecked
step15	Qatar / Saudi populations | 0.040–0.060 | 1.3–1.9× higher |	0.040;0.060;1.3;1.9	conclusion	NONE	unchecked
step15	Isolated populations (e.g., Amish) | 0.060–0.120 | 2–4× higher |	0.060;0.120;2;4	conclusion	NONE	unchecked
step15	Software: PLINK v1.9.0-b.7.7 (64-bit, 515 GB RAM workstation)	64;515	conclusion	PLINK	unchecked
step15	Input (ROH): UZB_imputed_HQ_qc BED/BIM/FAM (1,256 × 5,358,770 SNPs, post-QC, expanded cohort)	1,256;5,358,770	count	NONE	unchecked
step15	Input (IBD): UZB_imputed_HQ_unique + UZB_pruned.prune.in (1,256 × 87,573 SNPs, LD-pruned)	1,256;87,573	count	NONE	unchecked
step15	FROH formula: Σ(ROH length in kb) / 2,881,033 kb	2,881,033	conclusion	NONE	unchecked
step15	Degree thresholds: Duplicates > 0.98, 1st > 0.354, 2nd > 0.177, 3rd > 0.0884	0.98;1;0.354;2;0.177;3;0.0884	conclusion	NONE	unchecked
step15	--homozyg-window-missing 5 \	5	path	NONE	unchecked
step15	--homozyg-window-threshold 0.05 \	0.05	path	NONE	unchecked
step15	# Output: 44,938 ROH segments across 1,256 individuals	44,938;1,256	count	NONE	unchecked
step15	# see the bug note in Section 1 above)	1	conclusion	NONE	unchecked
step15	# Output: 6,744 pairs with PI_HAT >= 0.05	6,744;0.05	count	NONE	unchecked
step15	UZB_expanded_ROH.hom | All 44,938 individual ROH segments with coordinates | ~5 MB |	44,938;5	conclusion	NONE	unchecked
step15	UZB_expanded_ROH.hom.indiv | Per-individual ROH summary (N_ROH, total_KB, avg_KB) | ~93 KB |	93	conclusion	NONE	unchecked
step15	UZB_expanded_ROH.hom.summary | Per-SNP ROH frequency across individuals | ~18 MB |	18	statistic	NONE	unchecked
step15	UZB_expanded_IBD.genome | All pairwise IBD estimates (6,744 pairs) | ~1 MB |	6,744;1	count	NONE	unchecked
step15	Step 15 of 15 • ALSU Genotyping Analysis Pipeline • August 2026 (expanded cohort) •	15;15;2026	conclusion	NONE	unchecked
step16	Step 16: RPL GWAS - ALSU Pipeline	16	conclusion	NONE	unchecked
step16	Correction (2026-10-02): The statements on this page that self-reported ethnicity is non-significant or “not a confounder” are withdrawn.	2026;10;02	conclusion	NONE	unchecked
step16	Re-tested by sample ID (K=2, 1,026 matched samples): ethnicity is strongly associated with the ancestry components (Kruskal–Wallis p≈6e-46; mean Q1: Russian 0.94, Tatar 0.80, Tajik 0.69, Uzbek 0.58, Kazakh 0.38, Korean 0.08).	2,;1,026;6e-46;0.94;0.80;0.69;0.58;0.38	conclusion	NONE	unchecked
step16	Within self-reported Uzbeks (n=811) the components are tightly clustered (SD 0.10) but still differ by birthplace (p≈2e-23; highest Fergana and Karakalpakstan, lowest Jizzakh).	811;0.10;2e-23	count	NONE	unchecked
step16	Re-run on the NYGC 30x GRCh38 reference (1,047 Uzbek + 2,712 reference samples EUR/EAS/SAS/AFR, AMR not included; 60,019 LD-pruned SNPs after removing strand-ambiguous and long-range-LD SNPs; 3 seeds, K=2–8): ethnicity is significant at every K (p fr	30;1,047;2,712;60,019;3;2;8	conclusion	NONE	unchecked
step16	At K=4 Uzbeks are about 50% European-like, 30% East Asian-like, 19% South Asian-like.	4;50%;30%;19%	statistic	NONE	unchecked
step16	At K=7 about half of the Uzbek ancestry is assigned to a component that no reference population carries, so the “three-way continental mixture” description depends on K and the reference panel lacks Central Asian populations.	7	conclusion	NONE	unchecked
step16	Numbers elsewhere on this page that come from the earlier run (SNP counts, K=5 as the final choice, the 56 non-significant tests) are superseded.	5;56	conclusion	NONE	unchecked
step16	Covariates re-checked (2026-10-02): the GWAS covariate PCs come from the Uzbek-only PCA (1,047 samples; spring2026_pca.eigenvec), so they do not depend on the 1000 Genomes reference and are unaffected by the reference correction.	2026;10;02;1,047;1000	count	spring2026_pca.eigenvec	unchecked
step16	Re-check against the new NYGC-reference ADMIXTURE (K=4, 1,021 samples with PCs): PC1–3 explain 98%, 99% and 82% of the variance of the three main ancestry components (PC1–10: 98%, 99%, 87%).	4,;1,021;3;98%;99%;82%;10;98%	count	ADMIXTURE	unchecked
step16	Birthplace within self-reported Uzbeks: the ancestry components are no longer associated with birthplace after adjusting for PC1–3 (residual p 0.18–0.79).	3;0.18;0.79	conclusion	NONE	unchecked
step16	Self-reported ethnicity: a residual association with ancestry remains after PC1–3 (p from 1e-9 to 1e-35), so ethnicity is only partly captured by the PCs.	3;1e-9;1e-35	p-value	NONE	unchecked
step16	Recommendation: keep age, BMI and PC1–3 (consider up to PC10), and run a sensitivity analysis restricted to self-reported Uzbeks or with ethnicity as an additional covariate.	3	conclusion	NONE	unchecked
step16	Sensitivity GWAS (run 2026-10-02, PLINK2 Firth, same model): original model λGC = 0.979 (reproduces the reported 0.978; 198 variants with p<1e-5); adding a non-Uzbek ethnicity covariate λ = 0.977 (p-values correlate r = 0.996 with the original);	2026;10;02,;0.979;0.978;198;1e-5;0.977	p-value	PLINK2	unchecked
step16	PC1–10 λ = 0.989 (r = 0.972); restricted to self-reported Uzbeks (n = 589 analysed) λ = 0.972 (r = 0.789, expected loss of power).	10;0.989;0.972;589;0.972;0.789	count	NONE	unchecked
step16	The chr18 lead variant 18:70493111 is stable: OR 0.345 (p = 3.2e-7) original, 0.340 (p = 2.3e-7) with ethnicity, 0.338 (p = 2.5e-7) with PC1–10, and OR 0.40 (p = 3.6e-5, weaker because of smaller n) in self-reported Uzbeks only.	18;70493111;0.345;3.2e-7;0.340;2.3e-7;0.338;2.5e-7	p-value	NONE	unchecked
step16	Correction (2026-10-02): The PBS candidates discussed on this page are artefacts of the 1000 Genomes GRCh38 reference file (ALL.chr*.shapeit2_integrated_v1a.GRCh38.20181129), in which the genotype at a few dozen sites depends on the sequencing batch 	2026;10;02;1000	statistic	NONE	unchecked
step16	PBS re-run after excluding the 285 discordant reference sites (cohort of 1,047) or 344 (expanded cohort of 1,256) gives no Tier 1, 2 or 3 candidates (maximum PBS 0.146).	285;1,047;344;1,256;1,;2;3;0.146	statistic	NONE	unchecked
step16	Genome-wide association study for recurrent pregnancy loss in 273 cases and 509 controls	273;509	conclusion	NONE	unchecked
step16	covariates derived from Steps 7 (PCA), 11 (ADMIXTURE), and 15 (ROH).	7;11;15	conclusion	ADMIXTURE	unchecked
step16	Post-imputation HQ clean (spring2026)	NONE	conclusion	NONE	unchecked
step16	Tier 1 — PBS candidates (8 SNPs): Bonferroni threshold p < 0.00625	1;8;0.00625	p-value	NONE	unchecked
step16	Tier 2 — Known RPL variants (4 SNPs: F5 Leiden, F2 G20210A, MTHFR C677T, PAI-1 4G/5G)	2;4;1;4;5	count	NONE	unchecked
step16	Tier 3 — Genome-wide scan: Standard threshold p < 5×10−8	3;5×10−8	p-value	NONE	unchecked
step16	spreadsheet (1,815 subjects), applies the same classification logic as	1,815	conclusion	NONE	unchecked
step16	Loading ADMIXTURE K=2 Q-values...	2	conclusion	ADMIXTURE	unchecked
step16	GRAY: 119 (excluded from GWAS)	119	conclusion	NONE	unchecked
step16	REVIEW: 62 (excluded from GWAS)	62	conclusion	NONE	unchecked
step16	Other: 61 (excluded from GWAS)	61	conclusion	NONE	unchecked
step16	GWAS-ready: 270 cases + 499 controls = 769	270;499;769	conclusion	NONE	unchecked
step16	Genotype IDs use a FID_REGION-SAMPLE format (e.g., 2_01-02);	2;02	conclusion	NONE	unchecked
step16	phenotype IDs are REGION-SAMPLE (e.g., 01-02).	01;02	conclusion	NONE	unchecked
step16	96.5% match rate (1,011 of 1,047 genotyped samples matched to phenotype data).	96.5%;1,011;1,047	statistic	NONE	unchecked
step16	≥2 intrauterine losses at GA < 20 weeks (codes 2, 3, 6) |	2;20;2,;3,;6	conclusion	NONE	unchecked
step16	0 losses, ≥1 live birth, not currently pregnant |	0;1	conclusion	NONE	unchecked
step16	Exactly 1 loss (sporadic) |	1	conclusion	NONE	unchecked
step16	Loss events at GA≥20 — likely miscoded stillbirths |	20	conclusion	NONE	unchecked
step16	Age outside 18–45, ectopic-only, unclassified |	18;45,	conclusion	NONE	unchecked
step16	Maternal age at enrollment; aneuploidy risk increases exponentially after 35 |	35	conclusion	NONE	unchecked
step16	Obesity associated with miscarriage (OR~1.3–1.7) |	1.3;1.7	conclusion	NONE	unchecked
step16	Western ancestry proportion; birthplace explains 8.2% of variance — must control for admixture cline |	8.2%	statistic	admixture	unchecked
step16	Inbreeding coefficient FROH = total ROH length / genome length; median 0.015.	0.015	conclusion	NONE	unchecked
step16	Not yet integrated — spring2026 ROH file not joined to GWAS sample IDs in this run; planned for v2. |	NONE	conclusion	NONE	unchecked
step16	Q1 (ADMIXTURE K=2) — multicollinear with PC1 (variance inflation factor too high).	2	conclusion	ADMIXTURE	unchecked
step16	PCs alone capture the structure adequately (λGC=0.978).	0.978	conclusion	NONE	unchecked
step16	Sensitivity analysis with FROH added is planned for v2.	NONE	conclusion	NONE	unchecked
step16	Birthplace — collinear with Q1 and PCs; would absorb the same variance.	NONE	conclusion	NONE	unchecked
step16	PCs + Q1 are preferred (continuous, genome-derived).	NONE	conclusion	NONE	unchecked
step16	Ethnicity — strongly associated with ancestry components (p<1e-20 at every K after correcting a sample-matching error); include as a covariate or rely on PCs; see §2.3.	1e-20;2.3	p-value	NONE	unchecked
step16	logit(P[RPL=1]) = β0 + βSNP·dosage + βAGE·AGE + βBMI·BMI + βPC1·PC1 + βPC2·PC2 + βPC3·PC3	1	conclusion	NONE	unchecked
step16	5 covariates — AGE, BMI, PC1, PC2, PC3. λGC=0.978 confirms population structure is well controlled with this set.	5;0.978	conclusion	NONE	unchecked
step16	logit(P[RPL=1]) = β0 + βSNP·dosage + βAGE·AGE + βBMI·BMI + βPC1·PC1 + βPC2·PC2 + βPC3·PC3 + βQ1·Q1 + βFROH·F_ROH	1	conclusion	NONE	unchecked
step16	PLINK2 --glm uses Firth logistic regression (hybrid mode) by default when cell counts are small,	NONE	path	PLINK2	unchecked
step16	Tier 1: PBS Candidate Association	1	statistic	NONE	unchecked
step16	The Population Branch Statistic (PBS, Yi et al. 2010)	2010	statistic	NONE	unchecked
step16	Tier 1 therefore tests a small, biologically motivated	1	conclusion	NONE	unchecked
step16	Variant set: 8 lead SNPs with PBS ≥ 0.3 from Step 10,	8;0.3;10,	statistic	NONE	unchecked
step16	post-LD-clumping (Step 13), distributed across chr 3, 5, 10, 11, 12.	13;3,;5,;10,;11,;12.	conclusion	NONE	unchecked
step16	Sample set: 273 cases × 509 controls (same as Tier 3).	273;509;3	conclusion	NONE	unchecked
step16	Genotypes: Imputed dosages from UZB_imputed_HQ_clean (R2 ≥ 0.3, MAF ≥ 0.01).	0.3;0.01	statistic	NONE	unchecked
step16	Covariates: AGE, BMI, PC1–3 (variance-standardised).	3	conclusion	NONE	unchecked
step16	Firth-hybrid logistic regression is run on the 8-SNP subset.	8	conclusion	NONE	unchecked
step16	Bonferroni correction for 8 independent tests gives the significance threshold	8	conclusion	NONE	unchecked
step16	Eight Uzbek-specific variants identified by Population Branch Statistic (PBS ≥ 0.3,	0.3	statistic	NONE	unchecked
step16	Step 10) are tested for association with RPL.	10	conclusion	NONE	unchecked
step16	Bonferroni threshold: p < 0.05 / 8 = 0.00625.	0.05;8;0.00625	p-value	NONE	unchecked
step16	This is the significance threshold for 8 independent tests.	8	conclusion	NONE	unchecked
step16	Note: None of these 8 SNPs have GWAS Catalog or ClinVar hits (checked via Ensembl API,	8	count	NONE	unchecked
step16	The BET1L variant (rs1855216054) has 13 GTEx eQTL associations,	13	conclusion	NONE	unchecked
step16	No PBS candidate reached the Bonferroni threshold (smallest p > 0.25; see live table above).	0.25	statistic	NONE	unchecked
step16	All 8 OR confidence intervals span 1.0.	8;1.0	conclusion	NONE	unchecked
step16	Five of the eight have MAF < 0.05 in UZB,	0.05	statistic	NONE	unchecked
step16	where minimum detectable OR at 80 % power and α=0.00625 is roughly 2.5–3.0.	80;0.00625;2.5;3.0	statistic	NONE	unchecked
step16	1000G outgroup choice.	1000	conclusion	NONE	unchecked
step16	(Uzbeks' nearest 1000G neighbour, FST=0.018) would shift the candidate set.	1000;0.018	statistic	NONE	unchecked
step16	Tier 2: Known RPL Variant Screen	2	conclusion	NONE	unchecked
step16	(Practice Committee ASRM, 2012;	2012	conclusion	NONE	unchecked
step16	Variants: rs6025 (F5 Leiden), rs1799963 (F2 G20210A), rs1801133 (MTHFR C677T),	NONE	conclusion	NONE	unchecked
step16	Sample set & covariates: identical to Tier 1 / Tier 3.	1;3.	conclusion	NONE	unchecked
step16	Per-variant Firth logistic regression in PLINK2.	NONE	conclusion	PLINK2	unchecked
step16	dataset (Step 4, BEAGLE) uses CHR:POS:REF:ALT format, we need to map rsIDs to positional	4,	conclusion	NONE	unchecked
step16	MTHFR C677T p=0.66 (none significant).	0.66	p-value	NONE	unchecked
step16	PAI-1 4G/5G is an indel and was filtered out	1;4;5	conclusion	NONE	unchecked
step16	UZB allele frequencies are 5–15 % lower than EUR	5;15	statistic	NONE	unchecked
step16	(1.2–3.5) require >1000 cases for 80 % power at α=0.0125 (Bonferroni for 4 tests).	1.2;3.5;1000;80;0.0125;4	statistic	NONE	unchecked
step16	PAI-1 4G/5G missing.	1;4;5	conclusion	NONE	unchecked
step16	Tier 3: Genome-Wide Scan	3	conclusion	NONE	unchecked
step16	Tier 3 is the agnostic, hypothesis-free scan: every well-imputed common variant is tested for	3	conclusion	NONE	unchecked
step16	association with RPL using the same logistic-regression model as Tier 1/2.	1;2.	conclusion	NONE	unchecked
step16	not to declare a genome-wide significant locus — with 273 cases that is unrealistic	273	conclusion	NONE	unchecked
step16	(b) detect suggestive signals (p < 1×10−5) that can be carried forward	1×10−5)	p-value	NONE	unchecked
step16	plink2 --bfile UZB_imputed_HQ_clean \	NONE	path	plink2	unchecked
step16	--pheno gwas_pheno.txt --pheno-name RPL --1 \	-1	path	gwas_pheno.txt	unchecked
step16	--covar-name AGE,BMI,PC1,PC2,PC3 \	NONE	path	NONE	unchecked
step16	--glm hide-covar cols=chrom,pos,ref,alt,a1freq,test,nobs,orbeta,se,ci,tz,p \	NONE	statistic	NONE	unchecked
step16	--threads 16 --memory 200000	16;200000	path	NONE	unchecked
step16	With 273 cases and 509 controls, genome-wide power is limited:	273;509	conclusion	NONE	unchecked
step16	MAF | OR | Power (GW, α=5×10−8) | Power (suggestive, α=1×10−5) |	5×10−8);1×10−5)	p-value	NONE	unchecked
step16	0.30 | 2.0 | ~20% | ~55% |	0.30;2.0;20%;55%	statistic	NONE	unchecked
step16	0.10 | 3.0 | ~40% | ~75% |	0.10;3.0;40%;75%	statistic	NONE	unchecked
step16	0.05 | 3.0 | ~15% | ~45% |	0.05;3.0;15%;45%	statistic	NONE	unchecked
step16	(OR ≥ 2.0) at common variants (MAF ≥ 0.10) at the suggestive level.	2.0;0.10	statistic	NONE	unchecked
step16	significance requires very large effects (OR > 3.0).	3.0	conclusion	NONE	unchecked
step16	Known thrombophilia variants with large published ORs (e.g., Factor V Leiden OR∼3)	3	conclusion	NONE	unchecked
step16	Generating suggestive signals (p < 1×10−5) for replication in larger cohorts	1×10−5)	p-value	NONE	unchecked
step16	GWAS completed successfully — April 13, 2026 on DRAGEN (16 threads, 200 GB RAM).	13,;2026;16;200	conclusion	DRAGEN (16 threads, 200 GB RAM)	unchecked
step16	Genome-wide scan of 9,920,030 valid SNPs in 94 seconds.	9,920,030;94	conclusion	NONE	unchecked
step16	Suggestive hits (p < 10−5)	10;5	p-value	NONE	unchecked
step16	No genome-wide significant hits (p < 5×10−8).	5×10−8).	p-value	NONE	unchecked
step16	This is expected given the limited sample size (273 cases).	273	conclusion	NONE	unchecked
step16	correlated SNPs at chr18:70.47–70.49 Mb (intronic to lncRNA ENSG00000288828; nearest protein-coding gene SOCS6 ~163 kb upstream), OR ≈ 0.35,	70.47;70.49;163;0.35	conclusion	NONE	unchecked
step16	p ≈ 3.2×10−7, suggesting a protective effect.	3.2×10−7,	p-value	NONE	unchecked
step16	Target: ~1.0 (values >1.05 indicate residual stratification)	1.0;1.05	conclusion	NONE	unchecked
step16	λGC = 0.978 — well-calibrated.	0.978	conclusion	NONE	unchecked
step16	logit(RPL) ~ SNP + AGE + BMI + PC1 + PC2 + PC3	NONE	conclusion	NONE	unchecked
step16	Note: Q1 (ADMIXTURE K=2) was dropped due to multicollinearity with PC1	2	conclusion	ADMIXTURE	unchecked
step16	Uploaded to /staging/ALSU-analysis/spring2026/gwas/ |	NONE	path	/staging/ALSU-analysis/spring2026/gwas/	unchecked
step16	UZB_imputed_HQ_clean — 1090 samples, 9.98M SNPs |	1090;9.98	count	NONE	unchecked
step16	Completed April 13, 2026 (94s genome-wide scan) |	13,;2026;94	conclusion	NONE	unchecked
step16	For small sample sizes with modest relatedness, PLINK2 --glm with Firth regression	NONE	path	PLINK2	unchecked
step16	N > 5,000 (mixed models lose power below this)	5,000	conclusion	NONE	unchecked
step16	Heavy cryptic relatedness (our PI_HAT > 0.0884: only 428 of 547,581 pairs = 0.08%)	0.0884;428;547,581;0.08%	count	NONE	unchecked
step16	Unbalanced case:control ratios > 1:10	1;10	conclusion	NONE	unchecked
step16	Our ratio is 273:509 (1:1.86) — well balanced.	273;509;1;1.86	conclusion	NONE	unchecked
step16	Q1 (ADMIXTURE K=2) was dropped due to	2	conclusion	ADMIXTURE	unchecked
step16	collinearity with PC1 (VIF too high). λGC = 0.978 confirms no inflation.	0.978	conclusion	NONE	unchecked
step16	Sensitivity Analyses (Executed — see Section 8)	8	conclusion	NONE	unchecked
step16	S1 Strict ESHRE: ≥3 strict losses as CASE (97 cases × 509 controls).	3;97;509	conclusion	NONE	unchecked
step16	S2 Include REVIEW: Reclassify 64 REVIEW (loss at GA≥20) as CASE (337 × 509).	64;20;337;509	conclusion	NONE	unchecked
step16	S3 Include GRAY: Sporadic-loss women added to cases (392 × 509).	392;509	conclusion	NONE	unchecked
step16	S4 Include PROBABLE: 18 missing-GA cases + 3 probable controls reclassified by clinician judgement (291 × 512).	18;3;291;512	conclusion	NONE	unchecked
step16	gwas_pheno.txt | data/ | Phenotype file: FID, IID, RPL (1/0/NA) |	1;0	path	gwas_pheno.txt	unchecked
step16	gwas_covar.txt | data/ | Covariates: AGE, BMI, PC1-10, Q1 |	10,	path	gwas_covar.txt	unchecked
step16	gwas_results.json | data/ | Visualization data: Manhattan, QQ, top hits (2 MB) |	2	path	gwas_results.json	unchecked
step16	tier3_plot.tsv.gz | data/ | Full genome-wide results: CHR, POS, ID, OR, SE, P (154 MB) |	154	path	tier3_plot.tsv	unchecked
step16	tier1_pbs.tsv | data/ | PBS candidate association results (8 SNPs) |	8	count	tier1_pbs.tsv	unchecked
step16	tier2_rpl_known.tsv | data/ | Known RPL variant results (3 of 4 found) |	3;4	path	tier2_rpl_known.tsv	unchecked
step16	using the identical covariate model (logit(RPL) ~ SNP + AGE + BMI + PC1 + PC2 + PC3,	NONE	conclusion	NONE	unchecked
step16	Firth-hybrid logistic regression, PLINK2 v2.00a6LM, 16 threads on DRAGEN, run April 20, 2026).	16;20,;2026	conclusion	PLINK2; DRAGEN, run April 20, 2026)	unchecked
step16	The objective was to test whether the primary suggestive signal at the chr18:70.49 Mb cluster	70.49	conclusion	NONE	unchecked
step16	(lncRNA region; nearest protein-coding SOCS6) and the absence of other genome-wide-significant hits are robust to	NONE	conclusion	NONE	unchecked
step16	SNPs tested | GW (p<5e-8) | Suggestive (p<1e-5) |	5e-8;1e-5	p-value	NONE	unchecked
step16	CASE (≥2 losses GA<20w) vs CONTROL (live, no losses) |	2;20	conclusion	NONE	unchecked
step16	chr18:70.49M cluster (near SOCS6; rs4891860 et al.) |	70.49	conclusion	NONE	unchecked
step16	≥3 strict losses as CASE |	3	conclusion	NONE	unchecked
step16	0 | 123 | 0.857 (deflated, Firth small-N) |	0;123;0.857	conclusion	NONE	unchecked
step16	chr1:188.21M rs9666550; chr3:58.6M rare cluster |	188.21;58.6	conclusion	NONE	unchecked
step16	Primary CASE + REVIEW (loss GA≥20) |	20	conclusion	NONE	unchecked
step16	chr1:109.15M rs594626 cluster (CELSR2/SORT1 region) |	109.15	conclusion	NONE	unchecked
step16	chr9:115.91M rs28446251 cluster |	115.91	conclusion	NONE	unchecked
step16	chr18:70.49M cluster (rs4243323; near SOCS6) + chr1:109.15M |	70.49;109.15	conclusion	NONE	unchecked
step16	SNP | CHR:POS | A1 | FREQ | OR (95% CI) | p | Locus |	95%	statistic	NONE	unchecked
step16	rs594626 | 1:109,154,605 | C | 0.220 | 1.98 (1.52–2.58) | 4.2e-7 | CELSR2/PSRC1/SORT1 |	1;109,154,605;0.220;1.98;1.52;2.58;4.2e-7	conclusion	NONE	unchecked
step16	rs676961 | 1:109,155,659 | G | 0.169 | 2.07 (1.56–2.75) | 4.8e-7 | same locus |	1;109,155,659;0.169;2.07;1.56;2.75;4.8e-7	conclusion	NONE	unchecked
step16	rs11696445 | 20:2,865,606 | T | 0.026 | 6.85 (3.22–14.6) | 5.7e-7 | CDC25B region (rare) |	20;2,865,606;0.026;6.85;3.22;14.6;5.7e-7	conclusion	NONE	unchecked
step16	rs28446251 | 9:115,907,201 | C | 0.156 | 2.08 (1.56–2.77) | 6.2e-7 | LINC00474; near PAPPA (chr9q33.2) ★ |	9;115,907,201;0.156;2.08;1.56;2.77;6.2e-7	conclusion	NONE	unchecked
step16	SNP | CHR:POS | A1 | FREQ | OR (95% CI) | p | Locus |	95%	statistic	NONE	unchecked
step16	rs28446251 | 9:115,907,201 | C | 0.159 | 2.12 (1.61–2.80) | 1.0e-7 | LINC00474; near PAPPA (chr9q33.2) ★ |	9;115,907,201;0.159;2.12;1.61;2.80;1.0e-7	conclusion	NONE	unchecked
step16	rs9299234 | 9:115,901,661 | A | 0.159 | 2.10 (1.59–2.76) | 1.6e-7 | same cluster |	9;115,901,661;0.159;2.10;1.59;2.76;1.6e-7	conclusion	NONE	unchecked
step16	rs3037402 | 9:115,896,897 | A | 0.163 | 1.95 (1.49–2.54) | 8.1e-7 | same cluster ★ independently reported (EMGM 2026) |	9;115,896,897;0.163;1.95;1.49;2.54;8.1e-7;2026	p-value	NONE	unchecked
step16	rs6415521 | 8:130,891,502 | C | 0.482 | 1.60 (1.32–1.93) | 1.4e-6 | chr8q24 (common) |	8;130,891,502;0.482;1.60;1.32;1.93;1.4e-6	conclusion	NONE	unchecked
step16	S4 — +PROBABLE (291 cases) — replicates primary chr18:70.49M cluster	291;70.49	conclusion	NONE	unchecked
step16	SNP | CHR:POS | A1 | FREQ | OR (95% CI) | p | Locus |	95%	statistic	NONE	unchecked
step16	rs594626 | 1:109,154,605 | C | 0.218 | 2.08 (1.58–2.75) | 2.2e-7 | CELSR2/PSRC1/SORT1 |	1;109,154,605;0.218;2.08;1.58;2.75;2.2e-7	conclusion	NONE	unchecked
step16	rs4243323 | 18:70,493,562 | C | 0.131 | 0.36 (0.24–0.53) | 2.9e-7 | chr18 cluster (near SOCS6) — replicates primary |	18;70,493,562;0.131;0.36;0.24;0.53;2.9e-7	conclusion	NONE	unchecked
step16	rs4891861 | 18:70,493,801 | G | 0.131 | 0.36 (0.24–0.53) | 2.9e-7 | chr18 cluster (near SOCS6) |	18;70,493,801;0.131;0.36;0.24;0.53;2.9e-7	conclusion	NONE	unchecked
step16	rs12956725 | 18:70,494,945 | A | 0.133 | 0.36 (0.25–0.54) | 3.4e-7 | chr18 cluster (near SOCS6) |	18;70,494,945;0.133;0.36;0.25;0.54;3.4e-7	conclusion	NONE	unchecked
step16	Locus | Primary | S1 | S2 | S3 | S4 |	NONE	conclusion	NONE	unchecked
step16	chr18:70.49M cluster (near SOCS6, protective, OR≈0.35) |	70.49;0.35	conclusion	NONE	unchecked
step16	3.2e-7 | n.s. | n.s. | n.s. | 2.9e-7 ✓ |	3.2e-7;2.9e-7	conclusion	NONE	unchecked
step16	CELSR2/SORT1 chr1:109.15M (risk, OR≈2.0) |	109.15;2.0	conclusion	NONE	unchecked
step16	(below threshold) | n.s. | 4.2e-7 | ~1e-5 | 2.2e-7 |	4.2e-7;1e-5;2.2e-7	p-value	NONE	unchecked
step16	chr9:115.9M cluster (LINC00474 / near PAPPA, risk, OR≈2.1) ★ |	115.9;2.1	conclusion	NONE	unchecked
step16	(below threshold) | n.s. | 6.2e-7 | 1.0e-7 | ~1e-5 |	6.2e-7;1.0e-7;1e-5	p-value	NONE	unchecked
step16	The primary chr18:70.49M cluster signal (near SOCS6) is robust to phenotype perturbation —	70.49	conclusion	NONE	unchecked
step16	it appears in the primary analysis (273 cases, p=3.2e-7) and is reproduced in S4	273;3.2e-7	p-value	NONE	unchecked
step16	(291 cases including PROBABLE re-classifications, p=2.9e-7) with identical	291;2.9e-7	p-value	NONE	unchecked
step16	direction (protective, OR≈0.35) and lead SNPs.	0.35	conclusion	NONE	unchecked
step16	broader phenotypes (S2, S3) which suggests the protective effect is specific to	NONE	conclusion	NONE	unchecked
step16	S2/S3 surface a chr1:109.15Mb cluster (CELSR2/PSRC1/SORT1) with	109.15	conclusion	NONE	unchecked
step16	consistent direction (risk, OR≈2.0).	2.0	conclusion	NONE	unchecked
step16	S3 surfaces a chr9:115.9Mb cluster (LINC00474; near PAPPA)	115.9	conclusion	NONE	unchecked
step16	(rs28446251 OR=2.12, p=1.0e-7; rs3037402 OR=1.95, p=8.1e-7).	2.12;1.0e-7;1.95;8.1e-7	p-value	NONE	unchecked
step16	in S2 (p=6.2e-7) and at p=4.6×10−7 in the primary analysis (rank #14).	6.2e-7;4.6×10−7;14	p-value	NONE	unchecked
step16	Critically, rs3037402 was independently reported as a genome-wide-significant RPL hit	NONE	conclusion	NONE	unchecked
step16	by a concurrent group at EMGM 2026 (OR=2.50, p=3.8×10−8),	2026;2.50;3.8×10−8),	p-value	NONE	unchecked
step16	described by them as “near PAPPA.” Ensembl-verified GRCh38 coordinates:	NONE	conclusion	NONE	unchecked
step16	rs3037402 (chr9:115,896,897) sits inside an intron of the long non-coding RNA	115,896,897	conclusion	NONE	unchecked
step16	LINC00474 (chr9:115,839,214–115,925,720); the nearest protein-coding	115,839,214;115,925,720	conclusion	NONE	unchecked
step16	gene is PAPPA (pappalysin 1, chr9:116,153,791–116,402,321), located	1,;116,153,791;116,402,321	conclusion	NONE	unchecked
step16	PAPPA cleaves IGFBP-4/-5 to release	4;-5	conclusion	NONE	unchecked
step16	IGF-1/-2 for trophoblast invasion, which is a plausible biology for early	1;-2	conclusion	NONE	unchecked
step16	The convergence of two independent studies on rs3037402	NONE	conclusion	NONE	unchecked
step16	pursue eQTL / colocalisation analysis for both PAPPA and LINC00474;	NONE	conclusion	NONE	unchecked
step16	chr15:31.3 Mb (rs8027539, OR=1.81, p=3.29e-7) — a third	31.3;1.81;3.29e-7	p-value	NONE	unchecked
step16	our cohort sizes the minimum detectable OR at the GW threshold is ≥3 even at	3	conclusion	NONE	unchecked
step16	Lambda values are well-controlled across all runs (0.86–1.02).	0.86;1.02	conclusion	NONE	unchecked
step16	S1's deflation (0.86) is expected from Firth correction with only 97 cases and	0.86;97	conclusion	NONE	unchecked
step16	Caveats: The chr1 and chr9 clusters appearing only in broader	NONE	conclusion	NONE	unchecked
step16	case definitions (S2/S3) are statistically expected to inflate when phenotype	NONE	conclusion	NONE	unchecked
step16	gwas_pheno_S1_strict3.txt … S4_probable.txt |	NONE	path	gwas_pheno_S1_strict3.txt; S4_probable.txt	unchecked
step16	data/sensitivity/ | 4 alternate phenotype files (1027 lines each) |	4;1027	conclusion	NONE	unchecked
step16	S{1..4}_*_top10.tsv | DRAGEN :/staging/.../sensitivity/results/ |	1.	path	_top10.tsv; DRAGEN :/staging/	unchecked
step16	Top 10 hits per run (downloadable) |	10	conclusion	NONE	unchecked
step16	S{1..4}_*.RPL.glm.logistic.hybrid | DRAGEN (~980 MB each) |	1.;980	conclusion	DRAGEN (~980 MB each) |	unchecked
step16	Local: builds the 4 pheno files from gwas_sample_map.txt |	4	path	gwas_sample_map.txt	unchecked
step16	run_sens_v2.sh | scripts/ |	NONE	path	run_sens_v2.sh	unchecked
step16	Remote PLINK2 driver (uploaded to DRAGEN) |	NONE	conclusion	PLINK2; DRAGEN) |	unchecked
step16	Lambda + top-10 extraction (Acklam-approx erfcinv, no scipy needed) |	10	conclusion	NONE	unchecked
step16	ALSU Genotyping Pipeline — Step 16: RPL GWAS — Results April 14, 2026	16;14,;2026	conclusion	NONE	unchecked
step9	Step 9: Fst Analysis (Uzbek vs EUR) - ALSU Pipeline	9	statistic	NONE	unchecked
step9	Pending update (2026-10-02): the FST tables and top-FST loci on this page were computed against the 1000 Genomes GRCh38 reference file whose genotypes at some sites depend on sequencing batch.	2026;10;02;1000	statistic	NONE	unchecked
step9	They have not been re-verified on the NYGC 30x reference and should not be cited (in particular the “FST = 0.998” loci: 9:14776145 is not a variant in the NYGC 30x call set and 1:40954877 appears there only as a structural-variant deletion record; ne	30;0.998;9;14776145;30;1;40954877	statistic	NONE	unchecked
step9	Step 9: Genome-Wide FST Analysis (Uzbek vs EUR)	9	statistic	NONE	unchecked
step9	Quantify population differentiation between Uzbek cohort and 1000 Genomes European reference	1000	conclusion	NONE	unchecked
step9	✓ Expanded cohort, GRCh38 canonical — August 2026 (1,256 samples)	2026;1,256	count	NONE	unchecked
step9	Spring 2026 (1,047 samples) — April 11, 2026	2026;1,047;11,;2026	count	NONE	unchecked
step9	← View original 1,047-sample cohort results (archived, not directly comparable on this page)	1,047	conclusion	NONE	unchecked
step9	Cohort expansion + methodology update (August 2026): This page reflects the expanded	2026	conclusion	NONE	unchecked
step9	cohort (1,256 Uzbek samples) using GRCh38 as the sole canonical build going forward.	1,256	conclusion	NONE	unchecked
step9	A hg19-based Fst pipeline (Sections 3–10 below) was used historically because a GRCh38 1000G panel	3;10;1000	statistic	NONE	unchecked
step9	wasn't available when this step was first run; a GRCh38 panel was later found and adopted.	NONE	conclusion	NONE	unchecked
step9	session, a real bug was also found and fixed in the original hg19 flip/exclude logic (it discarded every	NONE	conclusion	NONE	unchecked
step9	hg19 is retained only as a one-time bridge comparison to the originally published number (Section 3–10,	3;10,	conclusion	NONE	unchecked
step9	GRCh38 is canonical for all new work.	NONE	conclusion	NONE	unchecked
step9	Values range from 0 (no differentiation — identical allele frequencies) to 1 (complete fixation of different alleles).	0;1	statistic	NONE	unchecked
step9	This step computes genome-wide Weir & Cockerham FST between our Uzbek cohort and 1000 Genomes Phase 3 European (EUR) samples to:	1000;3	statistic	NONE	unchecked
step9	0.00–0.05 | Little differentiation | Populations within same continental group |	0.00;0.05	conclusion	NONE	unchecked
step9	0.05–0.15 | Moderate differentiation | EUR vs SAS (~0.05), EUR vs AMR (~0.06) |	0.05;0.15;0.05;0.06	conclusion	NONE	unchecked
step9	0.15–0.25 | Great differentiation | EUR vs EAS (~0.11), EUR vs AFR (~0.15) |	0.15;0.25;0.11;0.15	conclusion	NONE	unchecked
step9	>0.25 | Very great differentiation | Extreme outlier loci under selection |	0.25	conclusion	NONE	unchecked
step9	Expanded Cohort FST Results (GRCh38, canonical)	NONE	statistic	NONE	unchecked
step9	Multi-population FST computed on the GRCh38 1000G panel using	1000	statistic	NONE	unchecked
step9	UZB (1,256), EUR (503), EAS (504), SAS (489), AFR (660) samples (verified directly from	1,256;503;504;489;660	conclusion	NONE	unchecked
step9	DRAGEN logs, Aug 13 2026).	13;2026	conclusion	DRAGEN logs, Aug 13 2026)	unchecked
step9	Cross-validated: the dedicated Option-B GRCh38 pipeline	NONE	conclusion	NONE	unchecked
step9	(1,759 samples, 5,358,904 markers — full unpruned set, no LD/intersection	1,759;5,358,904	count	NONE	unchecked
step9	restriction) independently reproduced UZB vs EUR Weighted FST = 0.0150	0.0150	statistic	NONE	unchecked
step9	— an exact match to this multi-population run (83,091 LD-pruned markers), despite	83,091	conclusion	NONE	unchecked
step9	UZB vs EUR | 0.01498 | 0.01028 |	0.01498;0.01028	conclusion	NONE	unchecked
step9	UZB vs EAS | 0.03963 | 0.02349 |	0.03963;0.02349	conclusion	NONE	unchecked
step9	UZB vs SAS | 0.01445 | 0.00989 |	0.01445;0.00989	conclusion	NONE	unchecked
step9	UZB vs AFR | 0.12830 | 0.06114 |	0.12830;0.06114	conclusion	NONE	unchecked
step9	EUR vs EAS | 0.08661 | 0.05086 |	0.08661;0.05086	conclusion	NONE	unchecked
step9	Consistent with original cohort: UZB closest to EUR (0.0150) and SAS (0.0145), moderately distant from EAS (0.0396), most distant from AFR (0.1283).	0.0150;0.0145;0.0396;0.1283	conclusion	NONE	unchecked
step9	All values within 0.002 of the original 1,047-sample run, confirming reproducibility after cohort expansion.	0.002;1,047	conclusion	NONE	unchecked
step9	See Step 14 for the full 10-pair pairwise matrix.	14;10	conclusion	NONE	unchecked
step9	Sections 2–10 below are historical and superseded.	2;10	conclusion	NONE	unchecked
step9	hg19-based Fst pipeline (inputs, liftover, chr22 pilot, genome-wide hg19 processing, results, and	NONE	statistic	NONE	unchecked
step9	GRCh38 (Section 1 above) is the canonical methodology for all analysis going	1	conclusion	NONE	unchecked
step9	forward — a suitable GRCh38 1000G panel simply didn't exist yet when this step was first run.	1000	conclusion	NONE	unchecked
step9	Numbers in Sections 2–10 reflect the original 1,047-sample (or 1,199-pre-QC) cohort on	2;10;1,047;1,199	conclusion	NONE	unchecked
step9	hg19/GRCh37 coordinates and have not been, and will not be, updated for the expanded cohort.	NONE	conclusion	NONE	unchecked
step9	Input Data — Historical (hg19 pipeline)	NONE	conclusion	NONE	unchecked
step9	1,199 Uzbek samples, 650,181 genotyped variants (hg38/GRCh38) |	1,199;650,181	conclusion	NONE	unchecked
step9	ALL.chr*.phase3_shapeit2_mvncall_integrated_v5b.20130502.genotypes.vcf.gz |	NONE	conclusion	phase3_shapeit2_mvncall_integrated_v5b.20130502.genotypes.vcf.gz	unchecked
step9	Phase 3 VCFs (hg19/GRCh37), all 2,504 samples |	3;2,504	count	NONE	unchecked
step9	503 EUR samples (CEU, GBR, FIN, TSI, IBS) |	503	conclusion	NONE	unchecked
step9	UCSC chain file for hg38 → hg19 coordinate conversion |	NONE	conclusion	NONE	unchecked
step9	Note on Sample Count: This analysis used 1,199 Uzbek samples from the pre-QC genotyped dataset (uzbek_data.ped), not the 1,047 post-imputation final dataset.	1,199;1,047	conclusion	NONE	unchecked
step9	The Fst analysis was performed in October–November 2025, concurrent with the QC pipeline (Steps 1–6).	2025,;1;6	statistic	NONE	unchecked
step9	For downstream analyses requiring consistency with the GWAS dataset, FST should be recalculated on the final 1,047 samples.	1,047	count	NONE	unchecked
step9	Coordinate Liftover (hg38 → hg19) — Historical	NONE	conclusion	NONE	unchecked
step9	The 1000 Genomes Phase 3 reference data uses hg19 (GRCh37) coordinates, while our Uzbek genotyping data was called on hg38 (GRCh38).	1000;3	conclusion	NONE	unchecked
step9	To merge the datasets, we must convert Uzbek coordinates to hg19.	NONE	conclusion	NONE	unchecked
step9	3.1 Convert PED/MAP to Binary PLINK	3.1	conclusion	PLINK	unchecked
step9	plink --file uzbek_data --make-bed --out uzbek_data_hg38	NONE	path	plink	unchecked
step9	650181 variants loaded from .bim file.	650181	count	NONE	unchecked
step9	1199 people (0 males, 0 females, 1199 ambiguous) loaded from .fam.	1199;0;0;1199	conclusion	NONE	unchecked
step9	Warning: Variant 1 (post-sort) triallelic; setting rarest alleles missing.	1	conclusion	NONE	unchecked
step9	Total genotyping rate is 0.96741.	0.96741	conclusion	NONE	unchecked
step9	--make-bed to uzbek_data_hg38.bed + uzbek_data_hg38.bim + uzbek_data_hg38.fam ... done.	NONE	path	uzbek_data_hg38.bed; uzbek_data_hg38.bim; uzbek_data_hg38.fam	unchecked
step9	# BIM columns: $1=chr $2=snpID $3=cM $4=bp_position $5=A1 $6=A2	1;2;3;4;5;6	conclusion	NONE	unchecked
step9	# BED format requires 0-based start → $4-1; end stays 1-based → $4	0;4;1;1;4	conclusion	NONE	unchecked
step9	"awk '{print ""chr""$1, $4-1, $4, $2}' OFS='\t' uzbek_data_hg38.bim > uzbek_hg38_positions.bed"	1,;4;1,;4,;2	conclusion	uzbek_data_hg38.bim; uzbek_hg38_positions.bed	unchecked
step9	liftOver uzbek_hg38_positions.bed hg38ToHg19.over.chain uzbek_hg19_lifted.bed unlifted.bed	NONE	conclusion	uzbek_hg38_positions.bed; uzbek_hg19_lifted.bed; unlifted.bed	unchecked
step9	# BED $4=SNP_ID, $3=end coord (= 1-based position for single-bp SNPs)	4;3;1	conclusion	NONE	unchecked
step9	awk '{print $4, $3}' uzbek_hg19_lifted.bed > update_positions.txt	4,;3	path	uzbek_hg19_lifted.bed; update_positions.txt	unchecked
step9	awk '{print $4}' uzbek_hg19_lifted.bed > snps_to_keep.txt	4	path	uzbek_hg19_lifted.bed; snps_to_keep.txt	unchecked
step9	plink --bfile uzbek_data_hg38 \	NONE	path	plink	unchecked
step9	--out uzbek_data_hg19_temp	NONE	path	NONE	unchecked
step9	650181 variants loaded from .bim file.	650181	count	NONE	unchecked
step9	1199 people loaded from .fam.	1199	conclusion	NONE	unchecked
step9	--extract: 647854 variants remaining.	647854	count	NONE	unchecked
step9	--make-bed to uzbek_data_hg19_temp.bed + uzbek_data_hg19_temp.bim + uzbek_data_hg19_temp.fam ... done.	NONE	path	uzbek_data_hg19_temp.bed; uzbek_data_hg19_temp.bim; uzbek_data_hg19_temp.fam	unchecked
step9	# --update-map FILE: 2-column file (SNP_ID new_bp_position)	2	path	NONE	unchecked
step9	plink --bfile uzbek_data_hg19_temp \	NONE	path	plink	unchecked
step9	647854 variants loaded from .bim file.	647854	count	NONE	unchecked
step9	1199 people loaded from .fam.	1199	conclusion	NONE	unchecked
step9	--update-map: 647854 values updated.	647854	path	NONE	unchecked
step9	--make-bed to uzbek_data_hg19.bed + uzbek_data_hg19.bim + uzbek_data_hg19.fam ... done.	NONE	path	uzbek_data_hg19.bed; uzbek_data_hg19.bim; uzbek_data_hg19.fam	unchecked
step9	647,854 / 650,181 (99.6% success rate)	647,854;650,181;99.6%	statistic	NONE	unchecked
step9	2,327 (unmappable between assemblies)	2,327	conclusion	NONE	unchecked
step9	Chromosome 22 Pilot (October 23, 2025)	22;23,;2025	conclusion	NONE	unchecked
step9	Before processing all 22 chromosomes, a pilot was run on chr22 to validate the pipeline.	22	conclusion	NONE	unchecked
step9	The per-chromosome workflow has 7 steps:	7	conclusion	NONE	unchecked
step9	4.1 Per-Chromosome Pipeline	4.1	conclusion	NONE	unchecked
step9	# [1/7] Convert 1000G VCF to PLINK (EUR samples only)	1;7;1000	conclusion	PLINK	unchecked
step9	# --keep FILE: 2-column file (FID IID) — retain only listed samples	2	path	NONE	unchecked
step9	plink --vcf 1000G_data/ALL.chr22.phase3_shapeit2_mvncall_integrated_v5b.20130502.genotypes.vcf.gz \	1000	path	plink; 1000G_data/ALL.chr22.phase3_shapeit2_mvncall_integrated_v5b.20130502.genotypes.vcf.gz	unchecked
step9	--keep 1000G_data/european_samples_fixed.txt \	1000	path	1000G_data/european_samples_fixed.txt	unchecked
step9	--out 1000G_data/1000G_EUR_chr22	1000;1000	path	NONE	unchecked
step9	# [2/7] Extract Uzbek chr22	2;7	conclusion	NONE	unchecked
step9	plink --bfile uzbek_data_hg19 --chr 22 --make-bed --out uzbek_chr22	22	path	plink	unchecked
step9	# [3/7] Rename SNPs to chr:pos format (for matching across datasets)	3;7	conclusion	NONE	unchecked
step9	# awk: overwrite $2 (SNP ID) with chr:pos so both datasets share naming scheme	2	conclusion	NONE	unchecked
step9	"awk '{$2=$1"":""$4; print}' OFS='\t' uzbek_chr22.bim > uzbek_chr22_renamed.bim"	2;1;4	conclusion	uzbek_chr22.bim; uzbek_chr22_renamed.bim	unchecked
step9	cp uzbek_chr22.bed uzbek_chr22_renamed.bed	NONE	conclusion	uzbek_chr22.bed; uzbek_chr22_renamed.bed	unchecked
step9	cp uzbek_chr22.fam uzbek_chr22_renamed.fam	NONE	conclusion	uzbek_chr22.fam; uzbek_chr22_renamed.fam	unchecked
step9	"awk '{$2=$1"":""$4; print}' OFS='\t' 1000G_data/1000G_EUR_chr22.bim > 1000G_EUR_chr22_newnames.bim"	2;1;4;1000;1000;1000	conclusion	1000G_data/1000G_EUR_chr22.bim; 1000G_EUR_chr22_newnames.bim	unchecked
step9	cp 1000G_data/1000G_EUR_chr22.bed 1000G_EUR_chr22_newnames.bed	1000;1000;1000	conclusion	1000G_data/1000G_EUR_chr22.bed; 1000G_EUR_chr22_newnames.bed	unchecked
step9	cp 1000G_data/1000G_EUR_chr22.fam 1000G_EUR_chr22_newnames.fam	1000;1000;1000	conclusion	1000G_data/1000G_EUR_chr22.fam; 1000G_EUR_chr22_newnames.fam	unchecked
step9	# [4/7] Find overlapping positions	4;7	conclusion	NONE	unchecked
step9	"awk '{print $1"":""$4}' uzbek_chr22_renamed.bim | sort > uzbek_chr22_pos.txt"	1;4	path	uzbek_chr22_renamed.bim; uzbek_chr22_pos.txt	unchecked
step9	"awk '{print $1"":""$4}' 1000G_EUR_chr22_newnames.bim | sort > 1000G_chr22_pos.txt"	1;4;1000;1000	path	1000G_EUR_chr22_newnames.bim; 1000G_chr22_pos.txt	unchecked
step9	# comm -12: output only lines present in BOTH sorted files (set intersection)	-12	conclusion	NONE	unchecked
step9	comm -12 uzbek_chr22_pos.txt 1000G_chr22_pos.txt > positions_chr22.txt	-12;1000	path	uzbek_chr22_pos.txt; 1000G_chr22_pos.txt; positions_chr22.txt	unchecked
step9	# [5/7] Extract overlapping SNPs from both datasets	5;7	conclusion	NONE	unchecked
step9	plink --bfile uzbek_chr22_renamed --extract positions_chr22.txt --make-bed --out uzbek_chr22_matched	NONE	path	plink; positions_chr22.txt	unchecked
step9	plink --bfile 1000G_EUR_chr22_newnames --extract positions_chr22.txt --make-bed --out 1000G_EUR_chr22_matched	1000;1000	path	plink; positions_chr22.txt	unchecked
step9	# [6/7] Merge (with strand-flip handling) — 3-pass recommended workflow	6;7;3	conclusion	NONE	unchecked
step9	# Pass 1: attempt merge;	1	conclusion	NONE	unchecked
step9	# and writes .missnp for residual 3-allele conflicts it cannot resolve.	3	conclusion	NONE	unchecked
step9	plink --bfile uzbek_chr22_matched --bmerge 1000G_EUR_chr22_matched \	1000	path	plink	unchecked
step9	--make-bed --out merged_chr22_temp	NONE	path	NONE	unchecked
step9	# Pass 2 (if .missnp generated): flip strands in the cohort file and re-attempt merge	2	conclusion	NONE	unchecked
step9	# This recovers SNPs that failed due to strand inconsistency between array and 1000G VCF	1000	conclusion	NONE	unchecked
step9	plink --bfile uzbek_chr22_matched --flip merged_chr22_temp-merge.missnp \	NONE	path	plink	unchecked
step9	--make-bed --out uzbek_chr22_flip	NONE	path	NONE	unchecked
step9	plink --bfile uzbek_chr22_flip --bmerge 1000G_EUR_chr22_matched \	1000	path	plink	unchecked
step9	--make-bed --out merged_chr22_temp2	NONE	path	NONE	unchecked
step9	# Pass 3: exclude any remaining residual conflicts (true triallelic / unfixable)	3	conclusion	NONE	unchecked
step9	plink --bfile uzbek_chr22_flip --exclude merged_chr22_temp2-merge.missnp \	NONE	path	plink	unchecked
step9	--make-bed --out uzbek_chr22_clean	NONE	path	NONE	unchecked
step9	plink --bfile 1000G_EUR_chr22_matched --exclude merged_chr22_temp2-merge.missnp \	1000	path	plink	unchecked
step9	--make-bed --out 1000G_EUR_chr22_clean	1000	path	NONE	unchecked
step9	# NOTE: The pilot in this step used --exclude-only (pass 1 + pass 3, skipping flip).	1;3,	path	NONE	unchecked
step9	# (see Step 11) uses chr:pos renaming to avoid allele-code strand conflicts.	11	conclusion	NONE	unchecked
step9	# For any future re-merge, use the 3-pass approach above.	3	conclusion	NONE	unchecked
step9	plink --bfile uzbek_chr22_clean --bmerge 1000G_EUR_chr22_clean \	1000	path	plink	unchecked
step9	--make-bed --out merged_uzbek_EUR_chr22	NONE	path	NONE	unchecked
step9	"# 1,199 Uzbek samples labeled ""UZBEK"""	1,199	conclusion	NONE	unchecked
step9	"# 503 EUR samples labeled ""EUR"""	503	conclusion	NONE	unchecked
step9	# (populations.txt covers all 1,702 merged samples)	1,702	path	populations.txt	unchecked
step9	plink --bfile merged_uzbek_EUR_chr22 \	NONE	path	plink	unchecked
step9	5762 variants loaded from .bim file.	5762	count	NONE	unchecked
step9	1702 people (0 males, 0 females, 1702 ambiguous) loaded from .fam.	1702;0;0;1702	conclusion	NONE	unchecked
step9	--within: 2 clusters loaded, covering a total of 1702 people.	2;1702	path	NONE	unchecked
step9	5762 markers with valid Fst estimates.	5762	count	NONE	unchecked
step9	Mean Fst estimate: 0.0148483	0.0148483	statistic	NONE	unchecked
step9	Weighted Fst estimate: 0.0181685	0.0181685	statistic	NONE	unchecked
step9	Chr22 Pilot Successful: 5,762 overlapping SNPs between Uzbek and EUR, Mean FST = 0.0148, Weighted FST = 0.0182.	5,762;0.0148;0.0182	statistic	NONE	unchecked
step9	Genome-Wide Processing (November 17, 2025)	17,;2025	conclusion	NONE	unchecked
step9	The validated per-chromosome pipeline was automated across all 22 autosomes using two shell scripts.	22	conclusion	NONE	unchecked
step9	The first script (process_all_chromosomes.sh) processed chr1–14 (skipping chr22 which was already done), and the second (continue_processing.sh) processed chr15–21.	14;21.	path	process_all_chromosomes.sh; continue_processing.sh	unchecked
step9	5.1 Automated Pipeline Script	5.1	conclusion	NONE	unchecked
step9	# Skip chr22 (already done in pilot)	NONE	conclusion	NONE	unchecked
step9	"echo "" Chr22 already processed, using existing files"""	NONE	conclusion	NONE	unchecked
step9	"echo "" [1/7] Converting 1000G VCF to PLINK..."""	1;7;1000	conclusion	PLINK	unchecked
step9	plink --vcf 1000G_data/ALL.chr${chr}.phase3_shapeit2_mvncall_integrated_v5b.20130502.genotypes.vcf.gz \	1000	path	plink; phase3_shapeit2_mvncall_integrated_v5b.20130502.genotypes.vcf.gz	unchecked
step9	--keep 1000G_data/european_samples_fixed.txt \	1000	path	1000G_data/european_samples_fixed.txt	unchecked
step9	--out 1000G_data/1000G_EUR_chr${chr} \	1000;1000	path	NONE	unchecked
step9	"echo "" [2/7] Extracting Uzbek chr${chr}..."""	2;7	conclusion	NONE	unchecked
step9	plink --bfile uzbek_data_hg19 \	NONE	path	plink	unchecked
step9	"echo "" [3/7] Renaming SNPs to chr:pos format..."""	3;7	conclusion	NONE	unchecked
step9	"awk '{$2=$1"":""$4; print}' OFS='\t' uzbek_chr${chr}.bim > uzbek_chr${chr}_renamed.bim"	2;1;4	conclusion	_renamed.bim	unchecked
step9	"awk '{$2=$1"":""$4; print}' OFS='\t' 1000G_data/1000G_EUR_chr${chr}.bim > 1000G_EUR_chr${chr}_newnames.bim"	2;1;4;1000;1000;1000	conclusion	_newnames.bim	unchecked
step9	cp 1000G_data/1000G_EUR_chr${chr}.bed 1000G_EUR_chr${chr}_newnames.bed	1000;1000;1000	conclusion	_newnames.bed	unchecked
step9	cp 1000G_data/1000G_EUR_chr${chr}.fam 1000G_EUR_chr${chr}_newnames.fam	1000;1000;1000	conclusion	_newnames.fam	unchecked
step9	"echo "" [4/7] Finding overlapping SNPs..."""	4;7	conclusion	NONE	unchecked
step9	"awk '{print $1"":""$4}' uzbek_chr${chr}_renamed.bim | sort > uzbek_chr${chr}_pos.txt"	1;4	path	_renamed.bim; _pos.txt	unchecked
step9	"awk '{print $1"":""$4}' 1000G_EUR_chr${chr}_newnames.bim | sort > 1000G_chr${chr}_pos.txt"	1;4;1000;1000	path	_newnames.bim; _pos.txt	unchecked
step9	comm -12 uzbek_chr${chr}_pos.txt 1000G_chr${chr}_pos.txt > positions_chr${chr}.txt	-12;1000	path	_pos.txt	unchecked
step9	"overlap=$(wc -l &1 | grep -q ""3+ alleles"" && {"	1;3	conclusion	NONE	unchecked
step9	# Pass 2: flip unresolved strand conflicts, then re-merge (see pilot above)	2	conclusion	NONE	unchecked
step9	# Pass 3: exclude any remaining residual conflicts after flip attempt	3	conclusion	NONE	unchecked
step9	plink --bfile 1000G_EUR_chr${chr}_matched \	1000	path	plink	unchecked
step9	--out 1000G_EUR_chr${chr}_clean \	1000	path	NONE	unchecked
step9	"echo "" [7/7] Final merge..."""	7;7	conclusion	NONE	unchecked
step9	--bmerge 1000G_EUR_chr${chr}_clean \	1000	path	NONE	unchecked
step9	"echo "" [7/7] Merge successful!"""	7;7	conclusion	NONE	unchecked
step9	snps=$(wc -l 5.2 Merge All Chromosomes	5.2	conclusion	NONE	unchecked
step9	# Create merge list (chr2-chr22, using chr1 as base)	NONE	conclusion	NONE	unchecked
step9	cat > merge_list.txt 376208 variants and 1702 people pass filters and QC.	376208;1702	count	merge_list.txt	unchecked
step9	6.1 Population Assignment File	6.1	conclusion	NONE	unchecked
step9	503 (CEU=99, GBR=91, FIN=99, TSI=107, IBS=107)	503;99,;91,;99,;107,;107	conclusion	NONE	unchecked
step9	# --fst: Weir & Cockerham (1984) Fst estimator — measures allele frequency	1984	statistic	NONE	unchecked
step9	# --within FILE: 3-column cluster file (FID IID GROUP_LABEL)	3	path	NONE	unchecked
step9	PLINK v1.9.0-b.7.7 64-bit (22 Oct 2024)	64;22;2024	conclusion	PLINK	unchecked
step9	376208 variants loaded from .bim file.	376208	count	NONE	unchecked
step9	1702 people (0 males, 0 females, 1702 ambiguous) loaded from .fam.	1702;0;0;1702	conclusion	NONE	unchecked
step9	--within: 2 clusters loaded, covering a total of 1702 people.	2;1702	path	NONE	unchecked
step9	Total genotyping rate is 0.978817.	0.978817	conclusion	NONE	unchecked
step9	376208 variants and 1702 people pass filters and QC.	376208;1702	count	NONE	unchecked
step9	Writing --fst report (2 populations) to genomewide_uzbek_vs_eur_fst.fst ... done.	2	statistic	NONE	unchecked
step9	376206 markers with valid Fst estimates (2 excluded).	376206;2	count	NONE	unchecked
step9	Mean Fst estimate: 0.0160089	0.0160089	statistic	NONE	unchecked
step9	Weighted Fst estimate: 0.0204295	0.0204295	statistic	NONE	unchecked
step9	Mean FST = 0.0160 (unweighted average across all SNPs)	0.0160	statistic	NONE	unchecked
step9	Weighted FST = 0.0204 (weighted by expected heterozygosity — more robust)	0.0204	statistic	NONE	unchecked
step9	Valid markers: 376,206 (2 excluded due to invariant alleles)	376,206;2	conclusion	NONE	unchecked
step9	Updated results (1,047 post-QC samples, 77,111 LD-pruned SNPs):	1,047;77,111	conclusion	NONE	unchecked
step9	UZB–EUR weighted FST = 0.0145 (mean 0.0100).	0.0145;0.0100	statistic	NONE	unchecked
step9	The lower value reflects both the stricter QC (1,047 vs 1,199 samples) and	1,047;1,199	count	NONE	unchecked
step9	See Step 14 for the full 5-population matrix.	14;5	conclusion	NONE	unchecked
step9	Negative FST (sampling noise; treated as ~0) |	0	statistic	NONE	unchecked
step9	The 16.5% of negative values are expected for closely related populations and are biologically equivalent to zero.	16.5%	statistic	NONE	unchecked
step9	7.2 Top 30 Most Differentiated Loci	7.2;30	conclusion	NONE	unchecked
step9	Rank | Chr | Position (hg19) | SNP ID | FST | N (non-missing) |	NONE	statistic	NONE	unchecked
step9	1 | 9 | 14,776,145 | 9:14776145 | 0.9982 | 1,701 |	1;9;14,776,145;9;14776145;0.9982;1,701	conclusion	NONE	unchecked
step9	2 | 1 | 40,954,877 | 1:40954877 | 0.9982 | 1,701 |	2;1;40,954,877;1;40954877;0.9982;1,701	conclusion	NONE	unchecked
step9	3 | 14 | 23,893,148 | 14:23893148 | 0.9877 | 1,696 |	3;14;23,893,148;14;23893148;0.9877;1,696	conclusion	NONE	unchecked
step9	4 | 21 | 19,169,133 | 21:19169133 | 0.9870 | 1,691 |	4;21;19,169,133;21;19169133;0.9870;1,691	conclusion	NONE	unchecked
step9	5 | 9 | 104,189,856 | 9:104189856 | 0.9869 | 1,699 |	5;9;104,189,856;9;104189856;0.9869;1,699	conclusion	NONE	unchecked
step9	6 | 8 | 24,813,391 | 8:24813391 | 0.9853 | 1,695 |	6;8;24,813,391;8;24813391;0.9853;1,695	conclusion	NONE	unchecked
step9	7 | 14 | 50,100,242 | 14:50100242 | 0.9847 | 1,694 |	7;14;50,100,242;14;50100242;0.9847;1,694	conclusion	NONE	unchecked
step9	8 | 17 | 48,275,339 | 17:48275339 | 0.9787 | 1,692 |	8;17;48,275,339;17;48275339;0.9787;1,692	conclusion	NONE	unchecked
step9	9 | 4 | 69,530,098 | 4:69530098 | 0.9782 | 1,684 |	9;4;69,530,098;4;69530098;0.9782;1,684	conclusion	NONE	unchecked
step9	10 | 11 | 47,355,475 | 11:47355475 | 0.9728 | 1,681 |	10;11;47,355,475;11;47355475;0.9728;1,681	conclusion	NONE	unchecked
step9	11 | 2 | 179,642,589 | 2:179642589 | 0.9711 | 1,683 |	11;2;179,642,589;2;179642589;0.9711;1,683	conclusion	NONE	unchecked
step9	12 | 6 | 30,585,771 | 6:30585771 | 0.9686 | 1,693 |	12;6;30,585,771;6;30585771;0.9686;1,693	conclusion	NONE	unchecked
step9	13 | 1 | 36,934,805 | 1:36934805 | 0.9668 | 1,688 |	13;1;36,934,805;1;36934805;0.9668;1,688	conclusion	NONE	unchecked
step9	14 | 4 | 187,003,729 | 4:187003729 | 0.9629 | 1,675 |	14;4;187,003,729;4;187003729;0.9629;1,675	conclusion	NONE	unchecked
step9	15 | 13 | 95,672,265 | 13:95672265 | 0.9602 | 1,670 |	15;13;95,672,265;13;95672265;0.9602;1,670	conclusion	NONE	unchecked
step9	16 | 1 | 161,199,431 | 1:161199431 | 0.9588 | 1,688 |	16;1;161,199,431;1;161199431;0.9588;1,688	conclusion	NONE	unchecked
step9	17 | 6 | 29,640,785 | 6:29640785 | 0.9584 | 1,696 |	17;6;29,640,785;6;29640785;0.9584;1,696	conclusion	NONE	unchecked
step9	18 | 8 | 48,701,786 | 8:48701786 | 0.9580 | 1,671 |	18;8;48,701,786;8;48701786;0.9580;1,671	conclusion	NONE	unchecked
step9	19 | 1 | 146,661,814 | 1:146661814 | 0.9552 | 1,676 |	19;1;146,661,814;1;146661814;0.9552;1,676	conclusion	NONE	unchecked
step9	20 | 4 | 70,354,534 | 4:70354534 | 0.9532 | 1,670 |	20;4;70,354,534;4;70354534;0.9532;1,670	conclusion	NONE	unchecked
step9	21 | 2 | 152,580,815 | 2:152580815 | 0.9521 | 1,691 |	21;2;152,580,815;2;152580815;0.9521;1,691	conclusion	NONE	unchecked
step9	22 | 16 | 89,833,576 | 16:89833576 | 0.9518 | 1,695 |	22;16;89,833,576;16;89833576;0.9518;1,695	conclusion	NONE	unchecked
step9	23 | 11 | 34,999,682 | 11:34999682 | 0.9494 | 1,672 |	23;11;34,999,682;11;34999682;0.9494;1,672	conclusion	NONE	unchecked
step9	24 | 6 | 31,059,825 | 6:31059825 | 0.9490 | 1,695 |	24;6;31,059,825;6;31059825;0.9490;1,695	conclusion	NONE	unchecked
step9	25 | 2 | 21,238,413 | 2:21238413 | 0.9486 | 1,673 |	25;2;21,238,413;2;21238413;0.9486;1,673	conclusion	NONE	unchecked
step9	26 | 5 | 162,896,759 | 5:162896759 | 0.9418 | 1,675 |	26;5;162,896,759;5;162896759;0.9418;1,675	conclusion	NONE	unchecked
step9	27 | 8 | 145,639,681 | 8:145639681 | 0.9417 | 1,659 |	27;8;145,639,681;8;145639681;0.9417;1,659	conclusion	NONE	unchecked
step9	28 | 10 | 96,818,119 | 10:96818119 | 0.9406 | 1,698 |	28;10;96,818,119;10;96818119;0.9406;1,698	conclusion	NONE	unchecked
step9	29 | 6 | 32,704,884 | 6:32704884 | 0.9388 | 1,676 |	29;6;32,704,884;6;32704884;0.9388;1,676	conclusion	NONE	unchecked
step9	30 | 11 | 17,476,460 | 11:17476460 | 0.9387 | 1,693 |	30;11;17,476,460;11;17476460;0.9387;1,693	conclusion	NONE	unchecked
step9	Notable observation about chr6 hits: Three of the top 30 hits (ranks 12, 17, 24, 29) are on chromosome 6 at positions 29.6–32.7 Mb.	30;12,;17,;24,;29;6;29.6;32.7	conclusion	NONE	unchecked
step9	This region corresponds to the HLA/MHC complex (6p21.3), which is one of the most polymorphic regions of the human genome and is well-known for extreme population differentiation.	6	conclusion	NONE	unchecked
step9	7.3 Per-Chromosome Summary	7.3	conclusion	NONE	unchecked
step9	Chr 10 | 19,386 | 0.0153 |	10;19,386;0.0153	conclusion	NONE	unchecked
step9	Chr 11 | 18,107 | 0.0158 |	11;18,107;0.0158	conclusion	NONE	unchecked
step9	Chr 12 | 18,472 | 0.0163 |	12;18,472;0.0163	conclusion	NONE	unchecked
step9	Chr 13 | 13,812 | 0.0155 |	13;13,812;0.0155	conclusion	NONE	unchecked
step9	Chr 14 | 12,418 | 0.0154 |	14;12,418;0.0154	conclusion	NONE	unchecked
step9	Chr 15 | 11,874 | 0.0164 |	15;11,874;0.0164	conclusion	NONE	unchecked
step9	Chr 16 | 12,777 | 0.0159 |	16;12,777;0.0159	conclusion	NONE	unchecked
step9	Chr 17 | 10,945 | 0.0159 |	17;10,945;0.0159	conclusion	NONE	unchecked
step9	Chr 18 | 11,173 | 0.0143 |	18;11,173;0.0143	conclusion	NONE	unchecked
step9	Chr 6 stands out with the highest per-chromosome mean FST (0.0192), driven by the HLA/MHC region.	6;0.0192	statistic	NONE	unchecked
step9	Chromosomes 18 and 19 have the lowest mean FST (0.0143).	18;19;0.0143	statistic	NONE	unchecked
step9	The weighted FST of 0.0204 between Uzbek and EUR populations indicates low but non-trivial genetic differentiation.	0.0204	statistic	NONE	unchecked
step9	Within-European (e.g., CEU vs TSI) | 0.002–0.006 | 1000 Genomes |	0.002;0.006;1000	conclusion	NONE	unchecked
step9	Uzbek vs EUR (pre-QC, 376K SNPs) | 0.020 | This analysis |	376;0.020	conclusion	NONE	unchecked
step9	Uzbek vs EUR (post-QC, 77K SNPs) | 0.015 | Recalculation |	77;0.015	conclusion	NONE	unchecked
step9	EUR vs SAS (South Asian) | ~0.020–0.040 | 1000 Genomes |	0.020;0.040;1000	conclusion	NONE	unchecked
step9	EUR vs EAS (East Asian) | ~0.10–0.11 | 1000 Genomes |	0.10;0.11;1000	conclusion	NONE	unchecked
step9	EUR vs AFR (African) | ~0.12–0.15 | 1000 Genomes |	0.12;0.15;1000	conclusion	NONE	unchecked
step9	This aligns with the global PCA results (Step 8) where Uzbek samples cluster between EUR and SAS.	8	conclusion	NONE	unchecked
step9	Population stratification is modest but real: FST = 0.02 means ~2% of allele frequency variance is between populations.	0.02;2%	statistic	NONE	unchecked
step9	PCA covariates essential: Include global PCA components (from Step 8) as covariates in association models to control for this differentiation.	8	conclusion	NONE	unchecked
step9	High-FST SNPs require caution: The 449 loci with FST > 0.3 are ancestry-informative markers.	449;0.3	statistic	NONE	unchecked
step9	HLA region needs special handling: The chr6 HLA hits are both population-differentiated AND biologically relevant to pregnancy.	NONE	conclusion	NONE	unchecked
step9	8.3 Highly Differentiated Loci — Potential Biology	8.3	conclusion	NONE	unchecked
step9	SNPs with FST near 1.0 are essentially fixed for different alleles in Uzbek vs EUR.	1.0	statistic	NONE	unchecked
step9	The top loci on chr9 (14.8 Mb) and chr1 (40.9 Mb) with FST = 0.998 warrant gene annotation to identify nearby genes and potential functional consequences.	14.8;40.9;0.998	statistic	NONE	unchecked
step9	Action Required: Annotate the top FST hits (FST > 0.5) with nearest gene(s) and cross-reference against known selection scans in Central Asian populations.	0.5	statistic	NONE	unchecked
step9	uzbek_data_hg19.{bed,bim,fam} |	NONE	conclusion	NONE	unchecked
step9	Uzbek genotypes in hg19 coordinates (647,854 variants) |	647,854	count	NONE	unchecked
step9	Merged Uzbek + EUR dataset (376,208 variants, 1,702 people) |	376,208;1,702	count	NONE	unchecked
step9	Population assignments (FID IID GROUP): 1,199 UZBEK + 503 EUR |	1,199;503	conclusion	NONE	unchecked
step9	Automated pipeline script (chr1–14) |	14	conclusion	NONE	unchecked
step9	Continuation script (chr15–21) |	21	conclusion	NONE	unchecked
step9	1 1:727841 727841 1673 -0.000559429	1;1;727841;727841;1673;-0.000559429	conclusion	NONE	unchecked
step9	1 1:846808 846808 1669 -3.48052e-05	1;1;846808;846808;1669;-3.48052e-05	conclusion	NONE	unchecked
step9	9 9:14776145 14776145 1701 0.998236	9;9;14776145;14776145;1701;0.998236	conclusion	NONE	unchecked
step9	1 1:40954877 40954877 1701 0.998236	1;1;40954877;40954877;1701;0.998236	conclusion	NONE	unchecked
step9	Uzbek are equidistant from EUR and SAS (77K SNPs, 1,047 samples) |	77;1,047	count	NONE	unchecked
step9	Extreme outliers (FST > 0.5) |	0.5	statistic	NONE	unchecked
step9	Highest per-chr mean (0.0192) |	0.0192	conclusion	NONE	unchecked
step9	376,206 overlapping markers |	376,206	conclusion	NONE	unchecked
step9	Summary: The Uzbek cohort shows low population differentiation from Europeans (FST ≈ 0.02), consistent with Central Asian geography.	0.02	statistic	NONE	unchecked
step9	Approximately 450 loci show extreme differentiation (FST > 0.3), concentrated in the HLA region and scattered across the genome.	450;0.3	statistic	NONE	unchecked
step9	Gene Annotation: Annotate the 256 extreme FST loci (FST > 0.5) with nearest genes using ANNOVAR/VEP	256;0.5	statistic	NONE	unchecked
step9	Recalculate on Final Dataset: Re-run FST using the post-QC 1,047 samples — done: expanded to 1,256 samples on GRCh38, see Section 1	1,047;1,256;1	count	NONE	unchecked
step9	Compare with EAS/SAS: Calculate FST against East Asian and South Asian 1000G populations to decompose Uzbek ancestry components	1000	statistic	NONE	unchecked
step9	ADMIXTURE Integration: Combine FST with ADMIXTURE results (Step 10) for comprehensive ancestry characterization	10	statistic	ADMIXTURE	unchecked
