#CHROM	POS	ID	REF	ALT	A1	A1_FREQ	TEST	OBS_CT	OR	LOG(OR)_SE	L95	U95	Z_STAT	P
1	11796321	rs1801133	G	A	A	0.302027	ADD	740	1.05627	0.123562	0.829087	1.34572	0.443076	0.657711
1	169549811	rs6025	C	T	T	0.0190289	ADD	762	0.931706	0.41726	0.411251	2.11082	-0.16953	0.86538
11	46739505	rs1799963	G	A	A	0.00528402	ADD	757	1.40625	0.771813	0.30981	6.3831	0.441724	0.658689
