#CHROM	POS	ID	REF	ALT	A1	A1_FREQ	TEST	OBS_CT	OR	LOG(OR)_SE	L95	U95	Z_STAT	P
3	133749168	rs4075352	A	G	G	0.473793	ADD	725	0.938816	0.110964	0.755315	1.1669	-0.568979	0.56937
5	53879140	rs786934	C	A	A	0.483553	ADD	760	0.992818	0.111349	0.798159	1.23495	-0.0647307	0.948388
10	8512594	rs7094562	G	A	G	0.478695	ADD	751	0.975619	0.115847	0.777447	1.22431	-0.213066	0.831276
11	207698	rs56186913	C	T	T	0.471448	ADD	753	1.13649	0.111352	0.913656	1.41367	1.14901	0.250553
11	20665570	rs75792159	T	G	G	0.0147256	ADD	747	0.744049	0.492001	0.283668	1.95161	-0.600911	0.5479
12	5664803	rs55643000	T	G	G	0.0300546	ADD	732	0.914199	0.33503	0.474092	1.76286	-0.267759	0.788885
12	22967890	rs116987492	G	T	T	0.0190539	ADD	761	0.844609	0.415204	0.374312	1.9058	-0.406743	0.684197
12	125520190	rs34013262	C	T	T	0.0348226	ADD	761	1.08275	0.295869	0.606296	1.93363	0.26872	0.788145
